"firmhash","firm","sector","composite_relational_ig_practises","composite_formal_ig_practises","return_on_assets","log_n_employees","csr_index","sqrt_n_data_breaches","sqrt_age_in_years","dummy_sector_Health Care","dummy_sector_Technology","dummy_sector_Media","dummy_sector_Energy","dummy_sector_Financials","dummy_sector_Retailing","dummy_sector_Industrials","dummy_sector_Business Services","dummy_sector_Household Products","dummy_sector_Transportation","dummy_sector_Telecommunications"
16364679,"Autodesk","Technology",0.6992063044397604,0.5,0.0603,9.22029070282935,0.076132148,0.0,5.205766033928148,0.0,1.0,0.0,0.0,0.0,0.0,0.0,0.0,0.0,0.0,0.0
56410840,"Steelcase","Household Products",0.4832148583813328,0.25,0.0209,9.449357272446685,0.0274468826,0.0,10.464224768228174,0.0,0.0,0.0,0.0,0.0,0.0,0.0,0.0,1.0,0.0,0.0
51796205,"Ciena","Technology",0.4678051503564543,1.0,0.0797,8.858226439365012,0.0048962532,0.0,5.347896782848375,0.0,1.0,0.0,0.0,0.0,0.0,0.0,0.0,0.0,0.0,0.0
61513084,"Workday","Technology",0.4344963210952188,0.5,-0.0136,9.409191230721348,0.0306588048,0.0,3.03315017762062,0.0,1.0,0.0,0.0,0.0,0.0,0.0,0.0,0.0,0.0,0.0
47398118,"Gartner","Technology",0.4197028653708231,0.5,0.0548,9.724600092476456,-0.0004970338,0.0,5.5677643628300215,0.0,1.0,0.0,0.0,0.0,0.0,0.0,0.0,0.0,0.0,0.0
60310056,"Broadridge Financial Solutions","Business Services",0.4448005212546421,0.5,0.0861,9.305650551780507,0.0042101364,0.0,3.8078865529319534,0.0,0.0,0.0,0.0,0.0,0.0,0.0,1.0,0.0,0.0,0.0
15981844,"Juniper Networks","Technology",0.4039460294540885,0.5,0.0321,9.150484204822815,0.0342121267,1.0,4.868264577855234,0.0,1.0,0.0,0.0,0.0,0.0,0.0,0.0,0.0,0.0,0.0
36074314,"Leggett & Platt","Household Products",0.2027390292734607,0.0,0.0564,9.998797732340453,-0.0078342262,0.0,10.981803130633876,0.0,0.0,0.0,0.0,0.0,0.0,0.0,0.0,1.0,0.0,0.0
44287733,"Electronic Arts","Media",0.5,0.25,0.0536,9.190137664658664,0.0230493219,0.0,5.486346689738081,0.0,0.0,1.0,0.0,0.0,0.0,0.0,0.0,0.0,0.0,0.0
41605654,"CACI International","Technology",0.5164141820949198,0.25,0.0612,10.043249494911286,-0.0032387366,0.0,5.974947698515862,0.0,1.0,0.0,0.0,0.0,0.0,0.0,0.0,0.0,0.0,0.0
3572700,"T. Rowe Price","Financials",0.2112429122983969,0.0,0.1889,8.90449432889673,0.0443576432,0.0,9.197825830053535,0.0,0.0,0.0,0.0,1.0,0.0,0.0,0.0,0.0,0.0,0.0
59882969,"Cerner","Health Care",0.2163049013976463,0.25,0.0726,10.21829829237616,0.0235369569,0.0,5.890670590009257,1.0,0.0,0.0,0.0,0.0,0.0,0.0,0.0,0.0,0.0,0.0
37755086,"Fortune Brands Home & Security","Household Products",0.2445698927245059,0.0,0.0856,10.114558522616068,0.0010095481,0.0,5.744562646538029,0.0,0.0,0.0,0.0,0.0,0.0,0.0,0.0,1.0,0.0,0.0
92978594,"Robert Half International","Business Services",0.1978137239676115,0.5,0.0806,9.680344001221918,0.0113944591,0.0,6.457553716385176,0.0,0.0,0.0,0.0,0.0,0.0,0.0,1.0,0.0,0.0,0.0
59605839,"Activision Blizzard","Media",0.4470783515098433,0.25,0.0877,9.11382947159534,0.0062209396,0.0,4.61519230368573,0.0,0.0,1.0,0.0,0.0,0.0,0.0,0.0,0.0,0.0,0.0
28480392,"Booz Allen Hamilton Holding","Technology",0.3738862793609758,0.25,0.091,10.217604621184988,0.0266287079,0.0,3.605551275463989,0.0,1.0,0.0,0.0,0.0,0.0,0.0,0.0,0.0,0.0,0.0
81900002,"Intuit","Technology",0.4553291557189268,0.25,0.1239,9.268609280100158,0.0588921508,2.23606797749979,5.329165037789691,0.0,1.0,0.0,0.0,0.0,0.0,0.0,0.0,0.0,0.0,0.0
36469379,"Northern Trust","Financials",0.5878316093856991,0.5,0.0075,9.93788897925346,0.0365091805,1.4142135623730951,7.042726744663604,0.0,0.0,0.0,0.0,1.0,0.0,0.0,0.0,0.0,0.0,0.0
78132452,"Quest Diagnostics","Health Care",0.5189878625276942,0.0,0.1245,10.757902880692196,0.0388348329,1.7320508075688772,4.969909455915671,1.0,0.0,0.0,0.0,0.0,0.0,0.0,0.0,0.0,0.0,0.0
58511130,"Motorola Solutions","Technology",0.4207407819378608,0.25,0.096,9.740968623038354,0.0775342091,1.0,6.9498201415576215,0.0,1.0,0.0,0.0,0.0,0.0,0.0,0.0,0.0,0.0,0.0
74239827,"Raymond James Financial","Financials",0.2317291235531231,0.0,0.0198,9.602382459752208,0.0075180375,0.0,5.205766033928148,0.0,0.0,0.0,0.0,1.0,0.0,0.0,0.0,0.0,0.0,0.0
77729631,"Ryder System","Transportation",0.4211918987961629,0.0,0.0269,10.594131602877956,0.0196021518,0.0,8.142481194328912,0.0,0.0,0.0,0.0,0.0,0.0,0.0,0.0,0.0,1.0,0.0
84510021,"Wayfair","Retailing",0.2183122272474252,0.25,0.1098,9.674074388208323,0.0058441558,0.0,2.6076809620810595,0.0,0.0,0.0,0.0,0.0,1.0,0.0,0.0,0.0,0.0,0.0
92983493,"J.B. Hunt Transport Services","Transportation",0.2368674906931011,0.0,0.083,10.27698028140102,-0.0004810005,0.0,7.733045971672482,0.0,0.0,0.0,0.0,0.0,0.0,0.0,0.0,0.0,1.0,0.0
31030789,"Fiserv","Business Services",0.4012072510781107,0.5,0.0162,10.691944912900398,0.0231294886,0.0,5.412947441089743,0.0,0.0,0.0,0.0,0.0,0.0,0.0,1.0,0.0,0.0,0.0
75178419,"Liberty Media","Media",0.145672724150942,0.0,0.0355,8.817742129574842,0.0204623953,0.0,3.3763886032268267,0.0,0.0,1.0,0.0,0.0,0.0,0.0,0.0,0.0,0.0,0.0
21406197,"Henry Schein","Health Care",0.3020141710332447,0.25,0.0491,9.852194258148575,0.015648549,0.0,5.338539126015656,1.0,0.0,0.0,0.0,0.0,0.0,0.0,0.0,0.0,0.0,0.0
61421604,"Boston Scientific","Health Care",0.4677745180938112,0.25,0.023006,10.491274217438248,0.0206765935,1.0,6.48074069840786,1.0,0.0,0.0,0.0,0.0,0.0,0.0,0.0,0.0,0.0,0.0
59476916,"Nvidia","Technology",0.5274521635373712,0.5,0.127993,9.530610634021116,0.0773589756,1.4142135623730951,4.8270073544588685,0.0,1.0,0.0,0.0,0.0,0.0,0.0,0.0,0.0,0.0,0.0
37791241,"IQVIA Holdings","Health Care",0.399460914837476,0.5,0.021175,11.112447898373103,0.0539234712,0.0,2.1447610589527217,1.0,0.0,0.0,0.0,0.0,0.0,0.0,0.0,0.0,0.0,0.0
28049975,"Leidos Holdings","Technology",0.4636213561028202,0.5,0.059134,10.51867319162636,0.0337525501,0.0,3.9749213828703582,0.0,1.0,0.0,0.0,0.0,0.0,0.0,0.0,0.0,0.0,0.0
94835721,"Discovery","Media",0.3347278782856495,0.0,0.05131,9.126958763037132,0.0141306331,0.0,3.6193922141707713,0.0,0.0,1.0,0.0,0.0,0.0,0.0,0.0,0.0,0.0,0.0
31897534,"Adobe","Technology",0.6654026017717967,0.75,0.128628,10.021981446583917,0.066709238,1.4142135623730951,4.909175083453431,0.0,1.0,0.0,0.0,0.0,0.0,0.0,0.0,0.0,0.0,0.0
13079849,"Universal Health Services","Health Care",0.235445909458779,0.5,0.067575,11.277835842637618,-0.0078770902,1.0,6.519202405202649,1.0,0.0,0.0,0.0,0.0,0.0,0.0,0.0,0.0,0.0,0.0
54537981,"Xcel Energy","Energy",0.2295669158655416,0.5,0.025238,9.332115428902105,0.0678227264,0.0,10.59245014149229,0.0,0.0,0.0,1.0,0.0,0.0,0.0,0.0,0.0,0.0,0.0
49656933,"Live Nation Entertainment","Media",0.510068462490051,0.25,-0.095844,9.259130536145614,-0.0172358506,0.0,3.9749213828703582,0.0,0.0,1.0,0.0,0.0,0.0,0.0,0.0,0.0,0.0,0.0
80542798,"Charles Schwab","Financials",0.5440522561906247,0.5,0.007826,10.373491181781864,0.0269802569,1.4142135623730951,6.2048368229954285,0.0,0.0,0.0,0.0,1.0,0.0,0.0,0.0,0.0,0.0,0.0
87621488,"Sempra Energy","Energy",0.4360348001774982,0.25,0.025805,9.544595867727551,0.0421994991,0.0,4.969909455915671,0.0,0.0,0.0,1.0,0.0,0.0,0.0,0.0,0.0,0.0,0.0
99140308,"L Brands","Retailing",0.518270899712502,0.25,0.107969,11.00126616045566,0.0350410509,1.0,6.268971207462991,0.0,0.0,0.0,0.0,0.0,1.0,0.0,0.0,0.0,0.0,0.0
40920640,"DaVita","Health Care",0.4751751213975048,0.25,0.062644,11.082142548877776,0.0235784224,1.7320508075688772,5.215361924162119,1.0,0.0,0.0,0.0,0.0,0.0,0.0,0.0,0.0,0.0,0.0
10475154,"Illinois Tool Works","Industrials",0.4649305327960642,0.0,0.117951,10.714417768752456,0.0173903789,0.0,7.752418977325722,0.0,0.0,0.0,0.0,0.0,0.0,1.0,0.0,0.0,0.0,0.0
78271153,"Automatic Data Processing","Business Services",0.4820082280983861,0.75,0.042051,10.968198289528557,0.036071166,1.0,7.752418977325722,0.0,0.0,0.0,0.0,0.0,0.0,0.0,1.0,0.0,0.0,0.0
4584516,"Texas Instruments","Technology",0.41153448471608,0.25,0.198192,10.30118927002646,0.0381175492,0.0,9.08845421400141,0.0,1.0,0.0,0.0,0.0,0.0,0.0,0.0,0.0,0.0,0.0
73624301,"Stanley Black & Decker","Household Products",0.4241647312125278,0.0,0.055484,10.87804719253426,0.0277194496,1.0,10.96813566655701,0.0,0.0,0.0,0.0,0.0,0.0,0.0,0.0,1.0,0.0,0.0
2313883,"BlackRock","Financials",0.4096221333262427,0.5,0.020724,9.717157974344635,0.027146034,0.0,5.787918451395113,0.0,0.0,0.0,0.0,1.0,0.0,0.0,0.0,0.0,0.0,0.0
1132045,"Applied Materials","Technology",0.4604859221220678,0.5,0.14142,10.085809109330082,0.0307475411,0.0,5.856620185738529,0.0,1.0,0.0,0.0,0.0,0.0,0.0,0.0,0.0,0.0,0.0
83409422,"Truist Financial","Financials",0.4962340130846779,0.5,0.009145,10.915088464214609,0.0836219336,0.0,7.245688373094719,0.0,0.0,0.0,0.0,1.0,0.0,0.0,0.0,0.0,0.0,0.0
93682208,"Stryker","Health Care",0.3747760105926302,0.25,0.057037,10.596634733096073,0.0224395017,0.0,8.683317338436964,1.0,0.0,0.0,0.0,0.0,0.0,0.0,0.0,0.0,0.0,0.0
13833149,"Booking Holdings","Technology",0.4761486650045506,0.25,0.016752,10.181119289134408,0.0122655123,1.0,4.78539444560216,0.0,1.0,0.0,0.0,0.0,0.0,0.0,0.0,0.0,0.0,0.0
44690539,"C.H. Robinson Worldwide","Transportation",0.382601456710763,0.25,0.086004,9.608310798322089,0.0051739066,0.0,4.878524367060187,0.0,0.0,0.0,0.0,0.0,0.0,0.0,0.0,0.0,1.0,0.0
40335925,"Waste Management","Business Services",0.4493894826548613,0.25,0.057542,10.712193073730344,0.0295878625,0.0,5.10881590977792,0.0,0.0,0.0,0.0,0.0,0.0,0.0,1.0,0.0,0.0,0.0
45407176,"Nordstrom","Retailing",0.4659967198403772,0.25,-0.053307,11.225243392518449,0.0511170822,1.4142135623730951,8.648699324175862,0.0,0.0,0.0,0.0,0.0,1.0,0.0,0.0,0.0,0.0,0.0
83800849,"American Electric Power","Energy",0.4428963866689156,0.25,0.02479,9.76468514965567,0.0285271986,0.0,10.709808588392232,0.0,0.0,0.0,1.0,0.0,0.0,0.0,0.0,0.0,0.0,0.0
16065958,"Colgate-Palmolive","Household Products",0.1669147372554955,0.0,0.153009,10.442900633154032,0.0462536697,0.0,9.904544411531509,0.0,0.0,0.0,0.0,0.0,0.0,0.0,0.0,1.0,0.0,0.0
97338549,"Aramark","Business Services",0.4193843018271779,0.25,-0.017129,12.251643347072632,0.0185562522,1.0,3.88587184554509,0.0,0.0,0.0,0.0,0.0,0.0,0.0,1.0,0.0,0.0,0.0
52256752,"XPO Logistics","Transportation",0.1424855848371007,0.5,0.021866,11.512925464970229,-0.0056277056,1.0,4.5934736311423405,0.0,0.0,0.0,0.0,0.0,0.0,0.0,0.0,0.0,1.0,0.0
63926746,"Cognizant Technology Solutions","Technology",0.4080820455055465,0.5,0.089994,12.58621994565405,0.0404692795,0.0,5.761944116355173,0.0,1.0,0.0,0.0,0.0,0.0,0.0,0.0,0.0,0.0,0.0
20127012,"Mastercard","Business Services",0.6797948209471868,0.5,0.162408,9.830916859701292,0.0333300161,0.0,7.44983221287567,0.0,0.0,0.0,0.0,0.0,0.0,0.0,1.0,0.0,0.0,0.0
91013737,"Salesforce","Technology",0.4157788256547503,0.5,0.004683,10.90700130566835,0.0632009753,0.0,4.722287581247038,0.0,1.0,0.0,0.0,0.0,0.0,0.0,0.0,0.0,0.0,0.0
49714782,"PayPal Holdings","Business Services",0.4738502537442094,0.5,0.035206,10.0519075576544,0.0217893218,0.0,2.5099800796022267,0.0,0.0,0.0,0.0,0.0,0.0,0.0,1.0,0.0,0.0,0.0
2257066,"Jones Lang LaSalle (JLL)","Financials",0.5053785771840799,0.5,0.031159,11.440354772135391,0.0686489968,1.0,4.919349550499537,0.0,0.0,0.0,0.0,1.0,0.0,0.0,0.0,0.0,0.0,0.0
18164447,"Emerson Electric","Industrials",0.3784983270982727,0.25,0.082209,11.332601910838946,0.0139365743,0.0,11.445523142259598,0.0,0.0,0.0,0.0,0.0,0.0,1.0,0.0,0.0,0.0,0.0
23104382,"Kimberly-Clark","Household Products",0.4562656664114182,0.25,0.137131,10.596634733096073,0.0582025254,1.0,9.648834126463155,0.0,0.0,0.0,0.0,0.0,0.0,0.0,0.0,1.0,0.0,0.0
67426216,"Tenet Healthcare","Health Care",0.4162400724800147,0.25,0.038883,11.523904969013236,0.0117203784,0.0,6.760177512462229,1.0,0.0,0.0,0.0,0.0,0.0,0.0,0.0,0.0,0.0,0.0
38270491,"NextEra Energy","Energy",0.4595344956371573,0.0,0.026214,9.602382459752208,0.0457042435,0.0,6.06630035524124,0.0,0.0,0.0,1.0,0.0,0.0,0.0,0.0,0.0,0.0,0.0
19452525,"Netflix","Media",0.6665405034504176,0.25,0.07824,9.148464968258097,0.0077922078,1.4142135623730951,4.878524367060187,0.0,0.0,1.0,0.0,0.0,0.0,0.0,0.0,0.0,0.0,0.0
97306865,"Whirlpool","Industrials",0.4270584372755349,0.25,0.060347,11.26446410567173,0.0443507323,0.0,8.12403840463596,0.0,0.0,0.0,0.0,0.0,0.0,1.0,0.0,0.0,0.0,0.0
95680362,"Danaher","Health Care",0.4541346631496573,0.0,0.042533,11.002099841204238,0.0003781659,0.0,5.890670590009257,1.0,0.0,0.0,0.0,0.0,0.0,0.0,0.0,0.0,0.0,0.0
29577074,"Bank of New York Mellon","Financials",0.4865970952071559,0.5,0.00852,10.787255092704724,0.0697740956,0.0,3.7282703764614498,0.0,0.0,0.0,0.0,1.0,0.0,0.0,0.0,0.0,0.0,0.0
7282506,"Southern Company","Energy",0.4826553516439161,0.0,0.027081,10.23792199998891,0.0059262577,0.0,8.700574693662482,0.0,0.0,0.0,1.0,0.0,0.0,0.0,0.0,0.0,0.0,0.0
47147965,"PNC Financial Services Group","Financials",0.4942849599871743,0.25,0.017307,10.827805976097512,0.0656855915,1.0,7.224956747275377,0.0,0.0,0.0,0.0,1.0,0.0,0.0,0.0,0.0,0.0,0.0
62258152,"Union Pacific","Transportation",0.4598590683776803,0.25,0.079369,10.340451327703663,0.0095628203,0.0,7.238784428341543,0.0,0.0,0.0,0.0,0.0,0.0,0.0,0.0,0.0,1.0,0.0
26738076,"Occidental Petroleum","Energy",0.290669103151397,0.25,-0.055639,9.574983485564092,0.0108197465,1.0,5.932958789676531,0.0,0.0,0.0,1.0,0.0,0.0,0.0,0.0,0.0,0.0,0.0
41405358,"Aflac","Financials",0.4603471386646163,0.25,0.017307,9.369819686521504,0.0567829361,2.23606797749979,8.160882305241266,0.0,0.0,0.0,0.0,1.0,0.0,0.0,0.0,0.0,0.0,0.0
99974471,"Southwest Airlines","Transportation",0.3975299160567337,0.5,-0.104182,10.942650570059175,0.0147007016,1.0,7.368853370776216,0.0,0.0,0.0,0.0,0.0,0.0,0.0,0.0,0.0,1.0,0.0
43863760,"Visa","Business Services",0.5080047595122726,0.25,0.112382,9.9281801651265,0.0173801507,0.0,3.794733192202055,0.0,0.0,0.0,0.0,0.0,0.0,0.0,1.0,0.0,0.0,0.0
53578149,"Penske Automotive Group","Retailing",0.5139120202652541,0.25,0.029353,10.203592144986466,-0.0037518038,0.0,5.522680508593631,0.0,0.0,0.0,0.0,0.0,1.0,0.0,0.0,0.0,0.0,0.0
56444265,"Amgen","Health Care",0.5749956258597491,0.5,0.095063,10.060491301345794,0.0714678255,0.0,5.882176467941097,1.0,0.0,0.0,0.0,0.0,0.0,0.0,0.0,0.0,0.0,0.0
28580986,"Qualcomm","Technology",0.4839582741161395,0.25,0.136758,10.621327345686446,0.0663542928,0.0,5.458937625582473,0.0,1.0,0.0,0.0,0.0,0.0,0.0,0.0,0.0,0.0,0.0
40232297,"Thermo Fisher Scientific","Technology",0.4430794013261619,0.5,0.077275,11.225243392518449,0.0241955682,0.0,7.797435475847171,0.0,1.0,0.0,0.0,0.0,0.0,0.0,0.0,0.0,0.0,0.0
59306024,"Paccar","Industrials",0.4914522573691927,0.25,0.035724,10.203592144986466,0.0042991491,1.0,7.042726744663604,0.0,0.0,0.0,0.0,0.0,0.0,1.0,0.0,0.0,0.0,0.0
44470487,"Bristol-Myers Squibb","Health Care",0.4254241989362144,0.25,0.039,10.308952660644293,0.0629975176,0.0,9.38083151964686,1.0,0.0,0.0,0.0,0.0,0.0,0.0,0.0,0.0,0.0,0.0
56327554,"Dollar General","Retailing",0.3502845856028971,0.25,0.091333,11.870599909242044,-0.0202020202,1.0,4.795831523312719,0.0,0.0,0.0,0.0,0.0,1.0,0.0,0.0,0.0,0.0,0.0
38807133,"Hewlett Packard Enterprise","Technology",0.4510632912275254,0.5,0.020294,10.992049505350735,0.0967446772,1.0,2.4899799195977463,0.0,1.0,0.0,0.0,0.0,0.0,0.0,0.0,0.0,0.0,0.0
81079250,"Abbott Laboratories","Health Care",0.4166552932216077,0.5,0.049426,11.580584113444043,0.0719247759,0.0,11.0227038425243,1.0,0.0,0.0,0.0,0.0,0.0,0.0,0.0,0.0,0.0,0.0
98041190,"Northwestern Mutual","Financials",0.4591693873996575,0.25,0.023612,8.69349667588463,-0.0019206847,1.4142135623730951,12.83744522870497,0.0,0.0,0.0,0.0,1.0,0.0,0.0,0.0,0.0,0.0,0.0
69795220,"AbbVie","Health Care",0.4014809618097429,0.25,0.081874,10.757902880692196,0.0468474328,0.0,3.0166206257996717,1.0,0.0,0.0,0.0,0.0,0.0,0.0,0.0,0.0,0.0,0.0
65808664,"Capital One Financial","Financials",0.4362661040063998,0.25,0.006692,10.858998997563564,0.0190067985,2.0,5.157518783291051,0.0,0.0,0.0,0.0,1.0,0.0,0.0,0.0,0.0,0.0,0.0
38940501,"Exelon","Energy",0.4305439113447497,0.0,0.0212,10.395527831398702,0.0651473686,0.0,4.722287581247038,0.0,0.0,0.0,1.0,0.0,0.0,0.0,0.0,0.0,0.0,0.0
10238564,"ConocoPhillips","Energy",0.4211631317120125,0.0,-0.015285,9.190137664658664,0.0240995063,0.0,4.427188724235731,0.0,0.0,0.0,1.0,0.0,0.0,0.0,0.0,0.0,0.0,0.0
99007911,"Honeywell International","Industrials",0.4595385710032252,0.25,0.067476,11.635143097694478,0.0204311865,0.0,4.636809247747852,0.0,0.0,0.0,0.0,0.0,0.0,1.0,0.0,0.0,0.0,0.0
10940099,"Progressive","Financials",0.6136317595178183,0.25,0.077622,10.635158087766824,0.0207389615,0.0,9.197825830053535,0.0,0.0,0.0,0.0,1.0,0.0,0.0,0.0,0.0,0.0,0.0
71942107,"Deere","Industrials",0.4944223286350391,0.25,0.047326,11.151008232789549,0.0403517938,0.0,7.9498427657407165,0.0,0.0,0.0,0.0,0.0,0.0,1.0,0.0,0.0,0.0,0.0
24984086,"TJX","Retailing",0.4099967946451242,0.0,0.001597,12.56374708980199,0.0473840761,0.0,7.700649323271382,0.0,0.0,0.0,0.0,0.0,1.0,0.0,0.0,0.0,0.0,0.0
60987513,"Best Buy","Retailing",0.4526314939147655,0.25,0.093304,11.736069016284436,0.0694581281,1.4142135623730951,7.395944834840239,0.0,0.0,0.0,0.0,0.0,1.0,0.0,0.0,0.0,0.0,0.0
77223592,"Allstate","Financials",0.4674848494446403,0.5,0.043308,10.737157255721948,0.0464917373,1.0,9.518403227432634,0.0,0.0,0.0,0.0,1.0,0.0,0.0,0.0,0.0,0.0,0.0
11663411,"Merck","Health Care",0.3914330949633005,0.5,0.032177,11.170435156023451,0.0877939493,0.0,7.134423592694787,1.0,0.0,0.0,0.0,0.0,0.0,0.0,0.0,0.0,0.0,0.0
33131762,"Delta Air Lines","Transportation",0.3637844269431416,0.25,-0.084231,11.407564949312402,0.0189962018,1.4142135623730951,7.368853370776216,0.0,0.0,0.0,0.0,0.0,0.0,0.0,0.0,0.0,1.0,0.0
39511968,"American Express","Financials",0.464607167850205,0.25,0.016089,11.06663836234181,0.0175193693,2.0,13.099618315050252,0.0,0.0,0.0,0.0,1.0,0.0,0.0,0.0,0.0,0.0,0.0
17081064,"HCA Healthcare","Health Care",0.5011619623821958,0.0,0.097273,12.409013489526863,0.0115620491,0.0,3.255764119219941,1.0,0.0,0.0,0.0,0.0,0.0,0.0,0.0,0.0,0.0,0.0
89802512,"Pfizer","Health Care",0.4272091896462,0.5,0.039342,11.388495386592052,0.0261872419,0.0,8.899438184514796,1.0,0.0,0.0,0.0,0.0,0.0,0.0,0.0,0.0,0.0,0.0
93968555,"Cisco Systems","Technology",0.7175109005311666,0.5,0.091162,11.258033215341438,0.1136123136,1.0,0.5477225575051661,0.0,1.0,0.0,0.0,0.0,0.0,0.0,0.0,0.0,0.0,0.0
81280069,"Caterpillar","Industrials",0.4812722493355705,0.25,0.039522,11.535664951939715,0.0293045396,0.0,5.941380311005179,0.0,0.0,0.0,0.0,0.0,0.0,1.0,0.0,0.0,0.0,0.0
92536935,"Morgan Stanley","Financials",0.5213413570997307,0.5,0.011116,11.128688438303811,0.0372751769,1.0,9.879271228182777,0.0,0.0,0.0,0.0,1.0,0.0,0.0,0.0,0.0,0.0,0.0
48599151,"Goldman Sachs Group","Financials",0.4553256621073239,0.5,0.008774,10.60905725309463,0.056313546,1.4142135623730951,5.522680508593631,0.0,0.0,0.0,0.0,1.0,0.0,0.0,0.0,0.0,0.0,0.0
94341056,"HP","Technology",0.4399862535821155,0.75,0.079752,10.87804719253426,0.1082213763,1.4142135623730951,4.8270073544588685,0.0,1.0,0.0,0.0,0.0,0.0,0.0,0.0,0.0,0.0,0.0
17368181,"Prudential Financial (U.S.)","Financials",0.4911041007695316,0.25,-0.000175,10.849550656077264,0.0548602738,0.0,4.516635916254486,0.0,0.0,0.0,0.0,1.0,0.0,0.0,0.0,0.0,0.0,0.0
92380288,"Humana","Health Care",0.5310756759456235,0.5,0.097317,10.736396675471232,0.0311204296,3.1622776601683795,7.7781745930520225,1.0,0.0,0.0,0.0,0.0,0.0,0.0,0.0,0.0,0.0,0.0
48056767,"Procter & Gamble","Household Products",0.4484170298996539,0.25,0.096226,11.502875129116727,0.0758322138,0.0,10.788883167408942,0.0,0.0,0.0,0.0,0.0,0.0,0.0,0.0,1.0,0.0,0.0
55529641,"Walt Disney","Media",0.416745419331493,0.75,0.003627,12.220961258023925,0.0643749689,0.0,1.760681686165901,0.0,0.0,1.0,0.0,0.0,0.0,0.0,0.0,0.0,0.0,0.0
32700926,"MetLife","Financials",0.4704853222929334,0.5,0.00638,10.799575577092764,0.0585239367,1.0,12.601587201618692,0.0,0.0,0.0,0.0,1.0,0.0,0.0,0.0,0.0,0.0,0.0
31132966,"FedEx","Transportation",0.4312035012572548,0.25,0.0396,12.832540348072408,0.0271729335,1.0,4.868264577855234,0.0,0.0,0.0,0.0,0.0,0.0,0.0,0.0,0.0,1.0,0.0
79142021,"Facebook","Technology",0.7241032789837611,0.25,0.139528,10.713128048531878,0.0203584046,2.0,4.09878030638384,0.0,1.0,0.0,0.0,0.0,0.0,0.0,0.0,0.0,0.0,0.0
56495473,"Intel","Technology",0.428047444771589,0.25,0.10305,11.61548205329532,0.138528415,1.0,5.683308895353129,0.0,1.0,0.0,0.0,0.0,0.0,0.0,0.0,0.0,0.0,0.0
40837856,"Loweâ€™s","Retailing",0.3976717252285975,0.25,0.157935,12.468436909997664,0.0328097615,1.0,8.306623862918075,0.0,0.0,0.0,0.0,0.0,1.0,0.0,0.0,0.0,0.0,0.0
3894558,"Centene","Health Care",0.4853091752403186,0.25,0.046826,11.171842615791332,0.0026775693,1.4142135623730951,6.123724356957945,1.0,0.0,0.0,0.0,0.0,0.0,0.0,0.0,0.0,0.0,0.0
69858041,"Target","Retailing",0.4777143492221211,0.25,0.087847,12.815838217151068,0.0527126769,1.7320508075688772,10.936178491593852,0.0,0.0,0.0,0.0,0.0,1.0,0.0,0.0,0.0,0.0,0.0
55229784,"State Farm Insurance","Financials",0.4968748884378476,0.25,0.021749555,10.962527066084414,-0.0142857143,2.0,9.622889378975527,0.0,0.0,0.0,0.0,1.0,0.0,0.0,0.0,0.0,0.0,0.0
16922709,"Johnson & Johnson","Health Care",0.418292395317218,0.25,0.075213,11.792071206399722,0.0667280357,0.0,11.571516754514075,1.0,0.0,0.0,0.0,0.0,0.0,0.0,0.0,0.0,0.0,0.0
83192852,"Dell Technologies","Technology",0.514606505832109,0.5,0.025317,12.013700752882718,0.0729574066,0.0,2.8809720581775866,0.0,1.0,0.0,0.0,0.0,0.0,0.0,0.0,0.0,0.0,0.0
96185568,"Citigroup","Financials",0.4189215214152335,0.5,0.005274,12.254862809699606,0.0737058599,1.7320508075688772,10.425929215182691,0.0,0.0,0.0,0.0,1.0,0.0,0.0,0.0,0.0,0.0,0.0
31743452,"Anthem","Health Care",0.4863766637049051,0.25,0.062931,11.164785423481334,0.00513609,2.8284271247461903,4.171330722922842,1.0,0.0,0.0,0.0,0.0,0.0,0.0,0.0,0.0,0.0,0.0
36053009,"Home Depot","Retailing",0.5045081721099669,0.5,0.211649,12.93771912524073,0.0422604535,2.449489742783178,6.557438524302,0.0,0.0,0.0,0.0,0.0,1.0,0.0,0.0,0.0,0.0,0.0
4802185,"Bank of America","Financials",0.4891948605307111,0.25,0.006811,12.26672079648156,0.0160424505,2.449489742783178,7.259476565152615,0.0,0.0,0.0,0.0,1.0,0.0,0.0,0.0,0.0,0.0,0.0
56358397,"Microsoft","Technology",0.7613130067581265,0.75,0.128113,12.0015054797889,0.0922072393,1.0,5.263078946776307,0.0,1.0,0.0,0.0,0.0,0.0,0.0,0.0,0.0,0.0,0.0
25821083,"Verizon Communications","Telecommunications",0.8420319490274167,0.5,0.064531,11.792071206399722,0.0465511713,1.0,6.1400325732035,0.0,0.0,0.0,0.0,0.0,0.0,0.0,0.0,0.0,0.0,1.0
69943097,"JPMorgan Chase","Financials",0.4364181059350248,0.25,0.009592,12.450394348261582,0.020492445,1.7320508075688772,7.259476565152615,0.0,0.0,0.0,0.0,1.0,0.0,0.0,0.0,0.0,0.0,0.0
26299420,"Cardinal Health","Health Care",0.4727100954415068,0.25,0.027605,10.778956289890028,0.0134099617,1.4142135623730951,6.488451279003334,1.0,0.0,0.0,0.0,0.0,0.0,0.0,0.0,0.0,0.0,0.0
46807785,"Costco Wholesale","Retailing",0.4732592018163261,0.25,0.077941,12.27606501735021,0.0047627341,0.0,5.8395205282625735,0.0,0.0,0.0,0.0,0.0,1.0,0.0,0.0,0.0,0.0,0.0
76661259,"Alphabet","Technology",0.7582107549440549,0.5,0.128979776,11.79147344835286,0.0373214908,1.0,2.4083189157584592,0.0,1.0,0.0,0.0,0.0,0.0,0.0,0.0,0.0,0.0,0.0
20885145,"AmerisourceBergen","Health Care",0.4390598962234621,0.5,0.0328,9.998797732340453,0.0045374379,0.0,4.494441010848846,1.0,0.0,0.0,0.0,0.0,0.0,0.0,0.0,0.0,0.0,0.0
10087241,"AT&T","Telecommunications",0.7427906332714042,0.5,0.029765,12.349133488370828,0.0396664812,2.8284271247461903,6.1400325732035,0.0,0.0,0.0,0.0,0.0,0.0,0.0,0.0,0.0,0.0,1.0
23217707,"McKesson","Health Care",0.4631879205884585,0.5,0.032177,11.156250521031495,0.0347309991,1.4142135623730951,5.186520991955976,1.0,0.0,0.0,0.0,0.0,0.0,0.0,0.0,0.0,0.0,0.0
51333781,"Berkshire Hathaway","Financials",0.4638425439396942,0.5,0.051524,12.877740794412995,-0.0136476976,0.0,11.519548602267363,0.0,0.0,0.0,0.0,1.0,0.0,0.0,0.0,0.0,0.0,0.0
42703456,"CVS Health","Health Care",0.4571794958606641,0.25,0.037687,12.577636201962656,0.0337485921,2.449489742783178,4.979959839195493,1.0,0.0,0.0,0.0,0.0,0.0,0.0,0.0,0.0,0.0,0.0
24788477,"Apple","Technology",0.717486897718434,0.5,0.133611,11.898187865760873,0.0238053773,2.6457513110645907,6.670832032063167,0.0,1.0,0.0,0.0,0.0,0.0,0.0,0.0,0.0,0.0,0.0
18101757,"Amazon","Retailing",0.7364031368281005,0.5,0.052381,13.933560224738088,-0.0370710388,1.0,5.0,0.0,0.0,0.0,0.0,0.0,1.0,0.0,0.0,0.0,0.0,0.0
7268382,"Walmart","Retailing",0.4368104367011416,0.25,0.068886,14.603967918328545,0.0166492511,2.23606797749979,7.19027120489902,0.0,0.0,0.0,0.0,0.0,1.0,0.0,0.0,0.0,0.0,0.0
