"firmhash","firm","url","ranking","industry","sector","revenue_in_millions","profits_in_millions","market_value_in_millions","n_employees","reputation_score_2020","reputation_score_2019","reputation_score_growth","stock_turnover_last_available_year","date_of_incorporation","stock_turnover","age_in_years","return_on_assets","pp_n_sentence","pp_number_of_words","pp_number_of_unique_words","pp_ambiquity_score","pp_gunning_fog_index","pp_privacy_policy_exists","pp_existence_of_a_transparency_report","pp_contact_option","pp_legislation_complied_with","pp_third_party_sharing","pp_existence_of_a_data_protection_officer","pp_iso_type","pp_privacy_policy_url","n_data_breaches","csr_index_last_available_year","csr_index","number_of_reviews","overall_employer_rating","culture_values","diversity_inclusion","work_life_balance","senior_management","compensation_benefits","career_opportunities","female_male","number_of_shareholder_proposals","share_shortterm_investors","share_longterm_investors","dummy_pp_legislation_complied_with_standard","dummy_pp_legislation_complied_with_gdpr","dummy_pp_legislation_complied_with_ccpa","dummy_sector_Technology","dummy_sector_Household Products","dummy_sector_Business Services","dummy_sector_Media","dummy_sector_Financials","dummy_sector_Health Care","dummy_sector_Transportation","dummy_sector_Retailing","dummy_sector_Energy","dummy_sector_Industrials","dummy_sector_Telecommunications","pp_ambiquity_score_standardized","pp_ambiquity_score_standardized_reverse","pp_gunning_fog_index_standardized","pp_gunning_fog_index_standardized_reverse","composite_relational_ig_practises","dummy_pp_legislation_complied_with_standard_reverse","pp_third_party_sharing_reverse","composite_formal_ig_practises","young_firm","log_n_employees","logmin_n_data_breaches","sqrt_n_data_breaches","log_age_in_years","sqrt_age_in_years"
16364679,"Autodesk","https://www.autodesk.com",737,"Computer Software","Technology",3651.0,429.0,67854.0,10100,6.23,6.61,-0.0574886535552193,2020,"1994-05-10","",27.1,0.0603,181.0,4557.0,929.0,0.0351108185,16.7154406371,1,1,1,"standard",1,1,1,"https://www.autodesk.com/company/legal-notices-trademarks/privacy-statement",0,2018,0.076132148,"","","","","","","","","","","","",1,0.0,0.0,1.0,0.0,0.0,0.0,0.0,0.0,0.0,0.0,0.0,0.0,0.0,0.7287867196393768,0.2712132803606232,0.47438806260158145,0.5256119373984185,0.6992063044397604,0,0,0.5,1,9.22029070282935,0.0,0.0,3.299533727885655,5.205766033928148
56410840,"Steelcase","https://www.steelcase.com",706,"Home Equipment, Furnishings","Household Products",2866.0,86.0,1548.0,12700,6.97,7.17,-0.0278940027894003,2020,"1912-03-16","",109.5,0.0209,93.0,2847.0,744.0,0.0252897787,17.8089126075,1,0,1,"standard",1,1,0,"https://www.steelcase.com/privacy-policy/",0,2018,0.0274468826,"","","","","","","","","","","","",1,0.0,0.0,0.0,1.0,0.0,0.0,0.0,0.0,0.0,0.0,0.0,0.0,0.0,0.5249337852713055,0.4750662147286945,0.5422067812033633,0.4577932187966367,0.4832148583813328,0,0,0.25,0,9.449357272446683,0.0,0.0,4.695924549256556,10.464224768228174
51796205,"Ciena","https://www.ciena.com",684,"Network and Other Communications Equipment","Technology",3533.0,362.0,8168.0,7032,6.36,5.88,0.0816326530612245,2020,"1992-11-02","",28.6,0.0797,60.0,1426.0,531.0,0.03085554,16.9400467508,1,0,1,"gdpr",0,1,1,"https://www.ciena.com/about/corporate-governance/privacy-policy/",0,2018,0.0048962532,"","","","","","","","","","","","",0,1.0,0.0,1.0,0.0,0.0,0.0,0.0,0.0,0.0,0.0,0.0,0.0,0.0,0.6404609388215081,0.3595390611784919,0.48831845975267446,0.5116815402473256,0.46780515035645437,1,1,1.0,1,8.858226439365012,0.0,0.0,3.353406717825807,5.347896782848375
61513084,"Workday","https://www.workday.com",676,"Computer Software","Technology",4163.0,339.0,54430.0,12200,6.76,6.91,-0.0217076700434153,2020,"2012-03-16","",9.2,-0.0136,134.0,3413.0,843.0,0.039554644,16.1769258017,1,0,1,"standard",1,1,1,"https://www.workday.com/en-us/privacy.html",0,2018,0.0306588048,"","","","","","","","","","","","",1,0.0,0.0,1.0,0.0,0.0,0.0,0.0,0.0,0.0,0.0,0.0,0.0,0.0,0.8210261246761694,0.17897387532383058,0.44098859094295506,0.5590114090570449,0.43449632109521885,0,0,0.5,1,9.409191230721348,0.0,0.0,2.2192034840549946,3.03315017762062
47398118,"Gartner","https://www.gartner.com",621,"Information Technology Services","Technology",4191.0,215.0,14427.0,16724,6.56,6.37,0.0298273155416011,2020,"1990-06-01","",31.0,0.0548,202.0,5479.0,1128.0,0.038145647,17.6025620777,1,0,1,"standard",1,1,1,"https://www.gartner.com/en/about/policies/privacy",0,2018,-0.0004970338,"","","","","","","","","","","","",1,0.0,0.0,1.0,0.0,0.0,0.0,0.0,0.0,0.0,0.0,0.0,0.0,0.0,0.7917799166559342,0.20822008334406583,0.5294086218607735,0.47059137813922647,0.4197028653708231,0,0,0.5,1,9.724600092476456,0.0,0.0,3.4339872044851463,5.5677643628300215
60310056,"Broadridge Financial Solutions","https://www.broadridge.com",610,"Financial Data Services","Business Services",4362.2,482.1,10886.7,11000,6.61,6.71,-0.0149031296572279,2020,"2006-12-06","",14.5,0.0861,218.0,5354.0,1154.0,0.0332461711,17.6236290795,1,0,1,"standard",1,1,1,"https://www.broadridge.com/legal/privacy-statement-english",0,2018,0.0042101364,"","","","","","","","","","","","",1,0.0,0.0,0.0,0.0,1.0,0.0,0.0,0.0,0.0,0.0,0.0,0.0,0.0,0.6900826870936788,0.3099173129063212,0.5307152278877526,0.4692847721122474,0.44480052125464214,0,0,0.5,1,9.305650551780507,0.0,0.0,2.6741486494265287,3.8078865529319543
15981844,"Juniper Networks","https://www.juniper.net",601,"Network and Other Communications Equipment","Technology",4445.4,345.0,6326.3,9419,6.14,7.1,-0.1352112676056338,2020,"1997-09-10","",23.7,0.0321,158.0,4186.0,921.0,0.03870043,18.4331109727,1,0,1,"standard",1,1,1,"https://www.juniper.net/us/en/privacy-policy/",1,2018,0.0342121267,"","","","","","","","","","","","",1,0.0,0.0,1.0,0.0,0.0,0.0,0.0,0.0,0.0,0.0,0.0,0.0,0.0,0.8032954124476855,0.19670458755231446,0.5809204697359605,0.41907953026403955,0.40394602945408853,0,0,0.5,1,9.150484204822817,0.6931471805599453,1.0,3.1654750481410856,4.868264577855234
36074314,"Leggett & Platt","https://www.leggett.com",569,"Home Equipment, Furnishings","Household Products",4244.0,232.0,5860.0,22000,6.01,6.56,-0.0838414634146341,2020,"1901-02-23","",120.6,0.0564,67.0,1703.0,502.0,0.0358191427,16.2505464457,1,0,0,"standard",1,0,0,"https://privacy.leggett.com/privacy-statement",0,2018,-0.0078342262,"","","","","","","","","","","","",1,0.0,0.0,0.0,1.0,0.0,0.0,0.0,0.0,0.0,0.0,0.0,0.0,0.0,0.7434892327738737,0.2565107672261263,0.44555465013228335,0.5544453498677167,0.20273902927346074,0,0,0.0,0,9.998797732340453,0.0,0.0,4.792479284293085,10.981803130633876
44287733,"Electronic Arts","https://www.ea.com",550,"Entertainment","Media",5590.0,1314.0,42236.0,9800,6.53,7.06,-0.0750708215297449,2019,"1991-05-08","",30.1,0.0536,2.0,12.0,12.0,0.0,9.0666666667,1,0,0,"standard",1,1,0,"https://www.ea.com/legal/privacy-policy",0,2018,0.0230493219,"","","","","","","","","","","","",1,0.0,0.0,0.0,0.0,0.0,1.0,0.0,0.0,0.0,0.0,0.0,0.0,0.0,0.0,1.0,0.0,1.0,0.5,0,0,0.25,1,9.190137664658664,0.0,0.0,3.40452517175483,5.486346689738081
41605654,"CACI International","https://www.caci.com",549,"Information Technology Services","Technology",5889.0,374.0,6300.0,23000,5.84,5.56,0.0503597122302158,2020,"1985-10-08","",35.7,0.0612,71.0,1884.0,554.0,0.0212314225,17.0259741036,1,0,1,"standard",1,0,1,"https://www.caci.com/privacy-policy",0,2018,-0.0032387366,"","","","","","","","","","","","",1,0.0,0.0,1.0,0.0,0.0,0.0,0.0,0.0,0.0,0.0,0.0,0.0,0.0,0.44069547273734605,0.559304527262654,0.4936477988829746,0.5063522011170254,0.5164141820949198,0,0,0.25,0,10.043249494911286,0.0,0.0,3.5751506887855933,5.974947698515862
3572700,"T. Rowe Price","https://www.troweprice.com",504,"Securities and Asset Management","Financials",6207.0,2373.0,36126.0,7365,5.99,6.91,-0.1331403762662807,2020,"1937-01-01","",84.6,0.1889,217.0,5285.0,1141.0,0.032166509,16.9245277261,1,0,0,"standard",1,0,0,"https://www.troweprice.com/PrivacyNoticeUSCAN",0,2018,0.0443576432,"","","","","","","","","","","","",1,0.0,0.0,0.0,0.0,0.0,0.0,1.0,0.0,0.0,0.0,0.0,0.0,0.0,0.6676724034889843,0.33232759651101573,0.487355947317428,0.512644052682572,0.21124291229839692,0,0,0.0,0,8.90449432889673,0.0,0.0,4.437934266612178,9.197825830053535
59882969,"Cerner","https://www.cerner.com",498,"Health Care: Pharmacy and Other Services","Health Care",5692.6,529.5,19164.4,27400,6.5,6.5,0.0,2020,"1986-10-06","",34.7,0.0726,70.0,1650.0,517.0,0.0327272727,16.4103896104,1,0,0,"standard",1,1,0,"https://www.cerner.com/privacy",0,2018,0.0235369569,"","","","","","","","","","","","",1,0.0,0.0,0.0,0.0,0.0,0.0,0.0,1.0,0.0,0.0,0.0,0.0,0.0,0.6793120392159564,0.3206879607840436,0.45546835519345835,0.5445316448065416,0.2163049013976463,0,0,0.25,1,10.218298292376161,0.0,0.0,3.5467396869528134,5.890670590009257
37755086,"Fortune Brands Home & Security","https://www.fbhs.com",494,"Home Equipment, Furnishings","Household Products",5902.0,494.0,12761.0,24700,6.48,6.94,-0.0662824207492795,2020,"1988-06-09","",33.0,0.0856,120.0,1536.0,402.0,0.0481770833,9.416875,1,0,0,"standard",1,0,0,"https://www.fbhs.com/privacy-policy",0,2018,0.0010095481,"","","","","","","","","","","","",1,0.0,0.0,0.0,1.0,0.0,0.0,0.0,0.0,0.0,0.0,0.0,0.0,0.0,1.0,0.0,0.021720429101976392,0.9782795708980236,0.2445698927245059,0,0,0.0,1,10.114558522616068,0.0,0.0,3.4965075614664802,5.744562646538029
92978594,"Robert Half International","https://www.roberthalf.com",482,"Diversified Outsourcing Services","Business Services",5100.0,306.0,7602.0,16000,5.63,6.24,-0.0977564102564103,2020,"1979-10-18","",41.7,0.0806,156.0,4131.0,958.0,0.0351004599,16.8087201832,1,0,0,"standard",1,1,1,"https://www.roberthalf.com/privacy-policy",0,2018,0.0113944591,"","","","","","","","","","","","",1,0.0,0.0,0.0,0.0,1.0,0.0,0.0,0.0,0.0,0.0,0.0,0.0,0.0,0.7285717086986875,0.2714282913013125,0.48017339543086623,0.5198266045691338,0.19781372396761157,0,0,0.5,0,9.680344001221918,0.0,0.0,3.730501128804756,6.457553716385176
59605839,"Activision Blizzard","https://www.activisionblizzard.com",463,"Entertainment","Media",7660.0,2213.0,73515.0,9080,6.42,7.09,-0.0944992947813822,2020,"2000-02-17","",21.3,0.0877,262.0,7264.0,1204.0,0.0331773128,17.4997679658,1,0,1,"standard",1,1,0,"https://www.activisionblizzard.com/legal/privacy-policy",0,2018,0.0062209396,"","","","","","","","","","","","",1,0.0,0.0,0.0,0.0,0.0,1.0,0.0,0.0,0.0,0.0,0.0,0.0,0.0,0.6886534121089061,0.31134658789109393,0.5230331818517205,0.47696681814827946,0.4470783515098433,0,0,0.25,1,9.11382947159534,0.0,0.0,3.0587070727153796,4.61519230368573
28480392,"Booz Allen Hamilton Holding","https://www.boozallen.com",450,"Information Technology Services","Technology",7849.0,549.0,13101.0,27381,6.63,6.34,0.0457413249211356,2019,"2008-05-12","",13.0,0.091,103.0,3427.0,804.0,0.0388094543,20.3352917013,1,0,1,"standard",1,0,1,"https://www.boozallen.com/tools/footer-navigation/privacy-policy.html",0,2018,0.0266287079,"","","","","","","","","","","","",1,0.0,0.0,1.0,0.0,0.0,0.0,0.0,0.0,0.0,0.0,0.0,0.0,0.0,0.8055584033249269,0.1944415966750731,0.6988964792311696,0.3011035207688304,0.37388627936097585,0,0,0.25,1,10.217604621184988,0.0,0.0,2.5649493574615367,3.605551275463989
81900002,"Intuit","https://www.intuit.com",445,"Computer Software","Technology",7837.0,1967.0,102329.0,10600,6.57,6.79,-0.0324005891016199,2020,"1993-02-01","",28.4,0.1239,404.0,8342.0,1240.0,0.0384799808,15.192995008,1,0,1,"standard",1,1,0,"https://www.intuit.com/privacy/statement/",5,2018,0.0588921508,"","","","","","","","","","","","",1,0.0,0.0,1.0,0.0,0.0,0.0,0.0,0.0,0.0,0.0,0.0,0.0,0.0,0.7987196020228979,0.20128039797710207,0.3799637751013948,0.6200362248986052,0.45532915571892685,0,0,0.25,1,9.268609280100158,1.791759469228055,2.23606797749979,3.3463891451671604,5.329165037789691
36469379,"Northern Trust","https://www.northerntrust.com",440,"Superregional Banks","Financials",6301.0,1209.0,19730.0,20700,6.98,6.96,0.0028735632183908,2020,"1971-12-01","",49.6,0.0075,75.0,690.0,245.0,0.0289855072,9.8249275362,1,0,1,"standard",1,1,1,"https://cdn.northerntrust.com/pws/nt/documents/legal/us-privacy-notice.pdf",2,2018,0.0365091805,"","","","","","","","","","","","",1,0.0,0.0,0.0,0.0,0.0,0.0,1.0,0.0,0.0,0.0,0.0,0.0,0.0,0.601645122837895,0.39835487716210505,0.047028439619308644,0.9529715603806913,0.5878316093856991,0,0,0.5,0,9.93788897925346,1.0986122886681098,1.4142135623730951,3.903990833730882,7.042726744663604
78132452,"Quest Diagnostics","https://www.questdiagnostics.com",410,"Health Care: Pharmacy and Other Services","Health Care",8361.0,1105.0,17164.0,47000,6.58,6.59,-0.0015174506828527,2020,"1996-09-20","",24.7,0.1245,105.0,2044.0,747.0,0.030332681,13.8140639269,1,0,1,"standard",1,0,0,"https://www.questdiagnostics.com/home/privacy/privacy-notice/",3,2018,0.0388348329,"","","","","","","","","","","","",1,0.0,0.0,0.0,0.0,0.0,0.0,0.0,1.0,0.0,0.0,0.0,0.0,0.0,0.629608081732918,0.37039191826708195,0.29444046815630476,0.7055595318436952,0.5189878625276942,0,0,0.0,1,10.757902880692196,1.3862943611198906,1.7320508075688772,3.2068032436339315,4.969909455915671
58511130,"Motorola Solutions","https://www.motorolasolutions.com",403,"Network and Other Communications Equipment","Technology",7517.0,780.0,29314.0,17000,6.28,5.96,0.0536912751677852,2020,"1973-03-09","",48.3,0.096,259.0,8095.0,1496.0,0.0317479926,19.6767297607,1,0,1,"standard",1,1,0,"https://www.motorolasolutions.com/en_us/about/privacy-policy.html",1,2018,0.0775342091,"","","","","","","","","","","","",1,0.0,0.0,1.0,0.0,0.0,0.0,0.0,0.0,0.0,0.0,0.0,0.0,0.0,0.6589853603694601,0.3410146396305399,0.6580515118790967,0.3419484881209033,0.4207407819378608,0,0,0.25,0,9.740968623038354,0.6931471805599453,1.0,3.877431560658527,6.9498201415576215
74239827,"Raymond James Financial","https://www.raymondjames.com",396,"Securities and Asset Management","Financials",8368.0,862.0,14236.0,14800,6.35,6.04,0.0513245033112582,2020,"1994-05-13","",27.1,0.0198,109.0,2422.0,865.0,0.0218827415,19.0449685225,1,0,0,"standard",1,0,0,"https://www.raymondjames.com/privacy-security-and-account-protection/privacy-notice",0,2018,0.0075180375,"","","","","","","","","","","","",1,0.0,0.0,0.0,0.0,0.0,0.0,1.0,0.0,0.0,0.0,0.0,0.0,0.0,0.454214742800754,0.545785257199246,0.6188687629867535,0.38113123701324647,0.2317291235531231,0,0,0.0,1,9.602382459752207,0.0,0.0,3.299533727885655,5.205766033928148
77729631,"Ryder System","https://www.ryder.com",354,"Trucking, Transportation, Logistics","Transportation",8484.0,202.0,3748.0,39900,6.52,5.97,0.0921273031825795,2020,"1955-03-22","",66.3,0.0269,101.0,3099.0,740.0,0.0338818974,18.9334802987,1,0,1,"standard",1,0,0,"https://ryder.com/privacy-policy",0,2018,0.0196021518,"","","","","","","","","","","","",1,0.0,0.0,0.0,0.0,0.0,0.0,0.0,0.0,1.0,0.0,0.0,0.0,0.0,0.7032783032757818,0.2967216967242182,0.6119541015395665,0.38804589846043347,0.4211918987961629,0,0,0.0,0,10.594131602877955,0.0,0.0,4.194189897191817,8.142481194328912
84510021,"Wayfair","https://www.wayfair.com",348,"Internet Services and Retailing","Retailing",13008.0,170.0,29247.0,15900,6.73,7.39,-0.0893098782138023,2020,"2014-08-08","",6.8,0.1098,969.0,29733.0,2537.0,0.0287222951,17.6212777934,1,0,0,"standard",1,1,0,"https://terms.wayfair.io/en-US?csnid=&csnutid=23e17d3a-60a1-2f8b-9868-395b3a798602&txid=I%2BF9OmChL6cRWjcz7YWvAg%3D%3D#privacy",0,2018,0.0058441558,"","","","","","","","","","","","",1,0.0,0.0,0.0,0.0,0.0,0.0,0.0,0.0,0.0,1.0,0.0,0.0,0.0,0.5961816932989797,0.40381830670102026,0.5305693977113195,0.4694306022886805,0.2183122272474252,0,0,0.25,1,9.674074388208323,0.0,0.0,1.916922612182061,2.6076809620810595
92983493,"J.B. Hunt Transport Services","https://www.jbhunt.com",346,"Trucking, Truck Leasing","Transportation",9165.3,516.3,9800.3,29056,6.04,5.89,0.0254668930390493,2020,"1961-09-10","",59.8,0.083,126.0,2920.0,804.0,0.0308219178,15.7218960644,1,0,0,"standard",1,0,0,"https://www.jbhunt.com/privacy-policy.html",0,2018,-0.0004810005,"","","","","","","","","","","","",1,0.0,0.0,0.0,0.0,0.0,0.0,0.0,0.0,1.0,0.0,0.0,0.0,0.0,0.6397630509939982,0.3602369490060018,0.41276698623359714,0.5872330137664028,0.23686749069310115,0,0,0.0,0,10.27698028140102,0.0,0.0,4.091005660956586,7.733045971672482
31030789,"Fiserv","https://www.fiserv.com",311,"Financial Data Services","Business Services",15065.0,905.0,73172.0,44000,6.7,6.55,0.0229007633587786,2020,"1992-02-19","",29.3,0.0162,229.0,6775.0,1305.0,0.0383763838,18.7181939767,1,0,1,"standard",1,1,1,"https://www.fiserv.com/en/about-fiserv/privacy-notice.html",0,2018,0.0231294886,"","","","","","","","","","","","",1,0.0,0.0,0.0,0.0,1.0,0.0,0.0,0.0,0.0,0.0,0.0,0.0,0.0,0.7965692642916803,0.2034307357083197,0.5986017313958767,0.4013982686041233,0.4012072510781107,0,0,0.5,1,10.691944912900398,0.0,0.0,3.3775875160230218,5.412947441089743
75178419,"Liberty Media","https://www.libertymedia.com",306,"Entertainment","Media",9273.0,561.0,13877.0,6753,6.06,6.22,-0.0257234726688103,2020,"2010-01-01","",11.4,0.0355,15.0,335.0,172.0,0.0447761194,16.9333333333,1,0,0,"standard",1,0,0,"http://www.libertymedia.com/privacy.html",0,2018,0.0204623953,"","","","","","","","","","","","",1,0.0,0.0,0.0,0.0,0.0,1.0,0.0,0.0,0.0,0.0,0.0,0.0,0.0,0.9294070195403465,0.07059298045965345,0.48790208385588546,0.5120979161441146,0.145672724150942,0,0,0.0,1,8.817742129574842,0.0,0.0,2.4336133554004498,3.3763886032268267
21406197,"Henry Schein","https://www.henryschein.com",304,"Wholesalers: Health Care","Health Care",9623.0,592.0,10021.0,19000,7.64,7.13,0.0715287517531556,2020,"1992-12-23","",28.5,0.0491,15.0,235.0,167.0,0.0170212766,16.1390070922,1,0,0,"standard",1,0,1,"https://www.henryschein.com/us-en/Privacy.aspx?PageType=popup",0,2018,0.015648549,"","","","","","","","","","","","",1,0.0,0.0,0.0,0.0,0.0,0.0,0.0,1.0,0.0,0.0,0.0,0.0,0.0,0.35330649832012556,0.6466935016798745,0.4386368175468957,0.5613631824531042,0.3020141710332447,0,0,0.25,1,9.852194258148577,0.0,0.0,3.349904087274605,5.338539126015656
61421604,"Boston Scientific","https://www.bostonscientific.com",296,"Medical Products and Equipment","Health Care",10108.0,3704.0,52495.0,36000,6.52,6.27,0.0398724082934609,2020,"1979-06-22",7.34,42.0,0.023006,73.0,2169.0,681.0,0.0253573075,18.7821191509,1,0,1,"standard",1,1,0,"https://www.bostonscientific.com/en-US/privacy-policy.html",1,2018,0.0206765935,2700.0,4.4,4.4,4.4,4.1,4.2,4.1,4.2,"1",1.0,84.73,5.44,1,0.0,0.0,0.0,0.0,0.0,0.0,0.0,1.0,0.0,0.0,0.0,0.0,0.0,0.526335464147951,0.47366453585204904,0.6025664634768041,0.3974335365231959,0.4677745180938112,0,0,0.25,0,10.491274217438248,0.6931471805599453,1.0,3.7376696182833684,6.48074069840786
59476916,"Nvidia","https://www.nvidia.com",292,"Semiconductors","Technology",14777.0,3826.0,330936.0,13775,6.97,7.49,-0.0694259012016021,2020,"1998-02-24",9.13,23.3,0.127993,91.0,1755.0,545.0,0.0296296296,13.5034595035,1,0,1,"ccpa",1,1,0,"https://www.nvidia.com/en-us/about-nvidia/privacy-policy/",2,2018,0.0773589756,3200.0,4.8,4.7,4.5,4.3,4.6,4.6,4.6,"1","",53.74999999999999,2.19,0,0.0,1.0,1.0,0.0,0.0,0.0,0.0,0.0,0.0,0.0,0.0,0.0,0.0,0.6150150148255239,0.3849849851744761,0.2751763310249913,0.7248236689750087,0.5274521635373712,1,0,0.5,1,9.530610634021116,1.0986122886681098,1.4142135623730951,3.1484533605716547,4.8270073544588685
37791241,"IQVIA Holdings","https://www.iqvia.com",290,"Health Care: Pharmacy and Other Services","Health Care",10956.0,176.0,36532.0,67000,6.67,6.68,-0.0014970059880239,2019,"2016-10-03",9.53,4.6,0.021175,94.0,2987.0,795.0,0.031134918,21.2543276183,1,0,1,"standard",1,1,1,"https://www.iqvia.com/about-us/privacy/privacy-policy",0,2018,0.0539234712,6700.0,3.7,3.7,3.9,3.5,3.4,3.5,3.7,"1","","","",1,0.0,0.0,0.0,0.0,0.0,0.0,0.0,1.0,0.0,0.0,0.0,0.0,0.0,0.6462599200147096,0.35374007998529045,0.7558964206353862,0.2441035793646138,0.39946091483747603,0,0,0.5,1,11.112447898373103,0.0,0.0,1.5260563034950492,2.1447610589527217
28049975,"Leidos Holdings","https://www.leidos.com",289,"Information Technology Services","Technology",11999.0,612.0,15605.0,37000,5.89,"","",2020,"2005-08-12",44.55,15.8,0.059134,201.0,4874.0,1242.0,0.0332375872,16.4126744203,1,0,1,"standard",1,1,1,"https://www.leidos.com/privacy",0,2018,0.0337525501,2300.0,3.9,3.8,4.0,3.9,3.5,3.7,3.7,"1",1.0,70.5,4.85,1,0.0,0.0,1.0,0.0,0.0,0.0,0.0,0.0,0.0,0.0,0.0,0.0,0.0,0.6899045131692313,0.3100954868307687,0.45561006241948815,0.5443899375805119,0.4636213561028202,0,0,0.5,1,10.51867319162636,0.0,0.0,2.760009940032921,3.9749213828703582
94835721,"Discovery","https://www.corporate.discovery.com",287,"Entertainment","Media",11144.0,2069.0,9503.1,9200,6.25,6.77,-0.0768094534711964,2020,"2008-04-28",5.75,13.1,0.05131,132.0,5840.0,1064.0,0.0318493151,25.1901203819,1,0,1,"standard",1,0,0,"https://corporate.discovery.com/privacy-policy/",0,2018,0.0141306331,1500.0,3.9,3.6,4.0,3.7,3.3,4.1,3.3,"1",1.0,116.73,1.77,1,0.0,0.0,0.0,0.0,0.0,1.0,0.0,0.0,0.0,0.0,0.0,0.0,0.0,0.6610884868574017,0.33891151314259826,1.0,0.0,0.33472787828564954,0,0,0.0,1,9.126958763037132,0.0,0.0,2.5726122302071057,3.6193922141707713
31897534,"Adobe","https://www.adobe.com",285,"Computer Software","Technology",12868.0,5260.0,224860.0,22516,7.39,7.86,-0.0597964376590331,2020,"1997-05-09",5.27,24.1,0.128628,140.0,4561.0,922.0,0.0361762771,18.5389927021,1,1,1,"gdpr",1,1,1,"https://www.adobe.com/privacy/policy.html",2,2018,0.066709238,5600.0,4.4,4.4,4.5,4.3,4.0,4.4,3.9,"1",1.0,75.67999999999999,4.01,0,1.0,0.0,1.0,0.0,0.0,0.0,0.0,0.0,0.0,0.0,0.0,0.0,0.0,0.7509021846492729,0.24909781535072706,0.5874874082635404,0.4125125917364596,0.6654026017717967,1,0,0.75,1,10.021981446583917,1.0986122886681098,1.4142135623730951,3.1822118404966093,4.909175083453431
13079849,"Universal Health Services","https://www.uhsinc.com",281,"Health Care: Medical Facilities","Health Care",11369.0,881.0,11193.0,79050,6.4,6.86,-0.0670553935860058,2020,"1979-01-08",60.7,42.5,0.067575,109.0,2677.0,624.0,0.024654464,17.8776447687,1,0,0,"standard",0,1,0,"https://www.uhsinc.com/wp-content/uploads/2017/10/Privacy-26.0-Disclosure-Not-Requiring-Authorization-or-Opportunity-for-Patient-to-Agree-or-Object.pdf",1,2018,-0.0078770902,664.0,3.4,3.1,3.6,2.9,2.9,3.4,3.6,"1","",83.77999999999999,4.0,1,0.0,0.0,0.0,0.0,0.0,0.0,0.0,1.0,0.0,0.0,0.0,0.0,0.0,0.5117467125702897,0.4882532874297103,0.5464696495945942,0.4535303504054058,0.23544590945877902,0,1,0.5,0,11.277835842637618,0.6931471805599453,1.0,3.7495040759303713,6.519202405202649
54537981,"Xcel Energy","https://www.xcelenergy.com",276,"Electric and Gas Utilities","Energy",11526.0,1473.0,34381.0,11295,6.88,6.49,0.0600924499229583,2020,"1909-06-17",21.54,112.2,0.025238,123.0,2732.0,705.0,0.0366032211,14.2579057006,1,0,0,"standard",1,1,1,"https://www.xcelenergy.com/billing_and_payment/customer_data_&_privacy/privacy_policy_and_customer_data_access",0,2018,0.0678227264,587.0,3.9,3.8,3.8,3.6,3.6,3.9,3.6,"1",1.0,73.58999999999999,3.47,1,0.0,0.0,0.0,0.0,0.0,0.0,0.0,0.0,0.0,0.0,1.0,0.0,0.0,0.7597641574121612,0.2402358425878388,0.3219681791256723,0.6780318208743277,0.22956691586554162,0,0,0.5,0,9.332115428902103,0.0,0.0,4.720282993088596,10.59245014149229
49656933,"Live Nation Entertainment","https://www.livenationentertainment.com",275,"Entertainment","Media",4514.0,1442.0,16009.0,10500,6.35,6.65,-0.0451127819548873,2020,"2005-08-02",84.6,15.8,-0.095844,213.0,2849.0,627.0,0.0438750439,9.8570792486,1,0,1,"standard",1,1,0,"https://help.livenation.com/s/article/Live-Nation-Entertainment-Privacy-Policy?language=en_US",0,2018,-0.0172358506,1300.0,4.0,4.2,4.2,3.7,3.6,3.6,3.6,"1","",84.26,3.78,1,0.0,0.0,0.0,0.0,0.0,1.0,0.0,0.0,0.0,0.0,0.0,0.0,0.0,0.9107036145544328,0.08929638544556717,0.04902253548536301,0.9509774645146369,0.510068462490051,0,0,0.25,1,9.259130536145614,0.0,0.0,2.760009940032921,3.9749213828703582
80542798,"Charles Schwab","https://www.schwab.com",271,"Securities and Asset Management","Financials",12190.0,3299.0,109983.0,32000,7.13,7.53,-0.0531208499335989,2020,"1983-01-11",35.19,38.5,0.007826,59.0,1079.0,433.0,0.0240963855,14.2846703633,1,0,1,"standard",1,1,1,"https://www.schwab.com/legal/privacy",2,2018,0.0269802569,3300.0,3.9,4.1,4.1,3.9,3.5,3.7,3.6,"1",2.0,80.65,5.48,1,0.0,0.0,0.0,0.0,0.0,0.0,1.0,0.0,0.0,0.0,0.0,0.0,0.0,0.5001628128865991,0.49983718711340086,0.323628162350902,0.6763718376490979,0.5440522561906247,0,0,0.5,0,10.373491181781864,1.0986122886681098,1.4142135623730951,3.6506582412937387,6.2048368229954285
87621488,"Sempra Energy","https://www.sempra.com",258,"Electric and Gas Utilities","Energy",11142.0,3953.0,35542.0,13969,6.01,5.85,0.0273504273504273,2020,"1996-10-11",36.92,24.7,0.025805,122.0,3460.0,888.0,0.0303468208,19.1592911968,1,0,1,"standard",1,1,0,"https://www.sempra.com/privacy",0,2018,0.0421994991,188.0,3.6,3.6,4.3,3.6,3.3,4.0,3.4,"1",2.0,77.06999999999998,3.16,1,0.0,0.0,0.0,0.0,0.0,0.0,0.0,0.0,0.0,0.0,1.0,0.0,0.0,0.6299015781223103,0.3700984218776897,0.625959221167697,0.374040778832303,0.4360348001774982,0,0,0.25,1,9.544595867727551,0.0,0.0,3.2068032436339315,4.969909455915671
99140308,"L Brands","https://www.lb.com",248,"Specialty Retailers: Apparel","Retailing",12914.2,366.4,3196.7,59950,5.63,5.42,0.0387453874538745,2020,"1982-03-16",9.31,39.3,0.107969,251.0,4666.0,982.0,0.027218174,14.9026375424,1,0,1,"standard",1,1,0,"https://www.lb.com/communication/privacy-policy",1,2018,0.0350410509,1100.0,4.0,3.9,4.2,3.5,3.3,4.0,3.7,"1",2.0,"","",1,0.0,0.0,0.0,0.0,0.0,0.0,0.0,0.0,0.0,1.0,0.0,0.0,0.0,0.564961017471973,0.435038982528027,0.36195538367801927,0.6380446163219807,0.518270899712502,0,0,0.25,0,11.00126616045566,0.6931471805599453,1.0,3.6712245188752153,6.268971207462991
40920640,"DaVita","https://www.davita.com",230,"Health Care: Medical Facilities","Health Care",11544.0,845.0,13476.0,65000,6.0,6.16,-0.0259740259740259,2020,"1994-04-04",103.48,27.2,0.062644,144.0,3238.0,857.0,0.0367510809,14.4916649509,1,0,1,"standard",1,1,0,"https://www.davita.com/privacy-policy",3,2018,0.0235784224,3800.0,3.5,3.7,3.9,3.2,3.1,3.2,3.5,"1",1.0,64.49,31.54,1,0.0,0.0,0.0,0.0,0.0,0.0,0.0,1.0,0.0,0.0,0.0,0.0,0.0,0.7628332473169873,0.23716675268301268,0.33646626709299343,0.6635337329070066,0.47517512139750484,0,0,0.25,1,11.082142548877775,1.3862943611198906,1.7320508075688772,3.3032169733019514,5.215361924162119
10475154,"Illinois Tool Works","https://www.itw.com",229,"Industrial Machinery","Industrials",12568.0,2108.0,64884.0,45000,6.28,6.22,0.0096463022508039,2020,"1961-06-19",10.58,60.1,0.117951,174.0,4190.0,915.0,0.0329355609,16.4293199462,1,0,1,"standard",1,0,0,"https://www.itw.com/privacy-statement/",0,2018,0.0173903789,805.0,3.9,3.9,4.3,3.7,3.5,3.9,3.8,"1",1.0,63.23,10.52,1,0.0,0.0,0.0,0.0,0.0,0.0,0.0,0.0,0.0,0.0,0.0,1.0,0.0,0.6836354267216505,0.31636457327834955,0.4566424420940927,0.5433575579059073,0.4649305327960642,0,0,0.0,0,10.714417768752456,0.0,0.0,4.096009841541162,7.752418977325722
78271153,"Automatic Data Processing","https://www.adp.com",227,"Financial Data Services","Business Services",14591.0,2482.0,69618.0,58000,6.8,6.58,0.033434650455927,2020,"1961-06-12",11.39,60.1,0.042051,386.0,10137.0,1678.0,0.0257472625,17.7336264165,1,0,1,"standard",0,1,1,"https://www.adp.com/privacy.aspx",1,2018,0.036071166,12000.0,3.9,4.0,4.2,3.8,3.5,3.8,3.8,"1",1.0,73.0,5.95,1,0.0,0.0,0.0,0.0,1.0,0.0,0.0,0.0,0.0,0.0,0.0,0.0,0.0,0.5344296652346324,0.4655703347653676,0.537537422371823,0.462462577628177,0.48200822809838617,0,1,0.75,0,10.968198289528557,0.6931471805599453,1.0,4.096009841541162,7.752418977325722
4584516,"Texas Instruments","https://www.ti.com",222,"Semiconductors","Technology",14461.0,5595.0,159107.0,29768,6.7,6.46,0.0371517027863777,2020,"1938-12-23",7.4,82.6,0.198192,50.0,1740.0,550.0,0.0304597701,20.7016091954,1,0,1,"standard",1,1,0,"https://www.ti.com/legal/terms-conditions/privacy-policy/north-america.html",0,2018,0.0381175492,3400.0,4.2,4.1,4.2,3.8,3.7,4.0,3.9,"1",1.0,73.31,6.31,1,0.0,0.0,1.0,0.0,0.0,0.0,0.0,0.0,0.0,0.0,0.0,0.0,0.0,0.6322460392698783,0.3677539607301217,0.7216160218658014,0.2783839781341986,0.41153448471608006,0,0,0.25,0,10.301189270026459,0.0,0.0,4.414009680526933,9.08845421400141
73624301,"Stanley Black & Decker","https://www.stanleyblackanddecker.com",220,"Home Equipment, Furnishings","Household Products",14535.0,1234.0,28209.0,53000,7.25,6.47,0.1205564142194745,2020,"1901-06-04",5.31,120.3,0.055484,206.0,6030.0,1141.0,0.0378109453,17.4268141493,1,0,1,"standard",1,0,0,"https://www.stanleyblackanddecker.com/privacy-policy/global-privacy-policy",1,2018,0.0277194496,1700.0,3.7,3.4,3.8,3.4,3.2,3.5,3.5,"1",1.0,82.85999999999999,6.13,1,0.0,0.0,0.0,1.0,0.0,0.0,0.0,0.0,0.0,0.0,0.0,0.0,0.0,0.7848325948781545,0.2151674051218455,0.5185084802717344,0.48149151972826565,0.4241647312125278,0,0,0.0,0,10.87804719253426,0.6931471805599453,1.0,4.789988622980633,10.96813566655701
2313883,"BlackRock","https://www.blackrock.com",219,"Securities and Asset Management","Financials",16205.0,4932.0,113810.0,16600,7.71,7.97,-0.0326223337515683,2020,"1988-01-01",23.35,33.5,0.020724,139.0,4297.0,989.0,0.0360716779,18.9468034416,1,0,1,"standard",1,1,1,"https://www.blackrock.com/cash/en-gb/account-resources/ics-privacy-notice",0,2018,0.027146034,3300.0,4.1,4.2,4.2,3.8,4.0,3.7,4.0,"1",3.0,73.93,2.93,1,0.0,0.0,0.0,0.0,0.0,0.0,1.0,0.0,0.0,0.0,0.0,0.0,0.0,0.7487310444964194,0.25126895550358064,0.6127804221986098,0.38721957780139016,0.4096221333262427,0,0,0.5,1,9.717157974344635,0.0,0.0,3.5115454388310208,5.787918451395113
1132045,"Applied Materials","https://www.appliedmaterials.com",218,"Semiconductors","Technology",17202.0,3619.0,98603.0,24000,6.66,6.74,-0.0118694362017804,2020,"1987-03-18",4.41,34.3,0.14142,85.0,1865.0,514.0,0.0337801609,16.4333070494,1,0,1,"standard",1,1,1,"https://www.appliedmaterials.com/privacy",0,2018,0.0307475411,2100.0,4.0,3.7,4.1,3.4,3.4,3.7,3.8,"1",1.0,55.72,2.21,1,0.0,0.0,1.0,0.0,0.0,0.0,0.0,0.0,0.0,0.0,0.0,0.0,0.0,0.701166583490537,0.29883341650946305,0.45688972802119165,0.5431102719788083,0.46048592212206785,0,0,0.5,1,10.085809109330082,0.0,0.0,3.535145354171894,5.856620185738529
83409422,"Truist Financial","https://www.truist.com",217,"Superregional Banks","Financials",24427.0,4482.0,69604.0,55000,6.5,"","",2020,"1969-01-01",36.0,52.5,0.009145,93.0,2170.0,568.0,0.0331797235,14.3287250384,1,0,1,"standard",1,1,1,"https://www.bbt.com/privacy-security.html",0,2018,0.0836219336,337.0,3.7,3.8,4.0,3.6,3.4,3.6,3.3,"1",1.0,61.2,3.98,1,0.0,0.0,0.0,0.0,0.0,0.0,1.0,0.0,0.0,0.0,0.0,0.0,0.0,0.6887034504224543,0.3112965495775457,0.32636049723883415,0.6736395027611659,0.4962340130846779,0,0,0.5,0,10.915088464214607,0.0,0.0,3.960813169597578,7.245688373094719
93682208,"Stryker","https://www.stryker.com",214,"Medical Products and Equipment","Health Care",14351.0,1599.0,92148.0,40000,6.44,6.16,0.0454545454545454,2020,"1946-02-20",4.11,75.4,0.057037,45.0,1629.0,595.0,0.0319214242,22.5831307551,1,0,1,"standard",1,1,0,"https://www.stryker.com/us/en/legal/privacy.html",0,2018,0.0224395017,3500.0,4.3,4.2,4.1,3.7,3.8,4.1,4.1,"1",2.0,62.31,3.71,1,0.0,0.0,0.0,0.0,0.0,0.0,0.0,1.0,0.0,0.0,0.0,0.0,0.0,0.662585237907086,0.337414762092914,0.8383107197223929,0.1616892802776071,0.37477601059263027,0,0,0.25,0,10.596634733096073,0.0,0.0,4.32280727501391,8.683317338436964
13833149,"Booking Holdings","https://www.bookingholdings.com",210,"Internet Services and Retailing","Technology",8897.0,1395.0,88465.0,26400,6.22,7.98,-0.2205513784461153,2020,"1998-07-30",14.84,22.9,0.016752,83.0,1968.0,558.0,0.0365853659,14.4843373494,1,0,1,"standard",1,1,0,"https://www.bookingholdings.com/privacy-policy/",1,2018,0.0122655123,4700.0,3.8,4.1,4.6,3.6,3.3,3.7,3.1,"1",1.0,83.51,5.14,1,0.0,0.0,1.0,0.0,0.0,0.0,0.0,0.0,0.0,0.0,0.0,0.0,0.0,0.7593935413686614,0.24060645863133856,0.3360117986131359,0.6639882013868641,0.47614866500455066,0,0,0.25,1,10.181119289134408,0.6931471805599453,1.0,3.131136910560194,4.78539444560216
44690539,"C.H. Robinson Worldwide","https://www.chrobinson.com",208,"Trucking, Transportation, Logistics","Transportation",16207.0,506.0,13432.0,14888,6.36,6.21,0.0241545893719807,2020,"1997-08-11",9.85,23.8,0.086004,104.0,3475.0,907.0,0.0376978417,20.1452407305,1,0,1,"standard",1,1,0,"https://www.chrobinson.com/en-us/privacy-notice/",0,2018,0.0051739066,2000.0,3.6,3.7,3.8,3.7,3.3,3.4,3.1,"1","",100.08999999999996,2.77,1,0.0,0.0,0.0,0.0,0.0,0.0,0.0,0.0,1.0,0.0,0.0,0.0,0.0,0.7824849309630165,0.21751506903698348,0.6871092421939314,0.31289075780606856,0.382601456710763,0,0,0.25,1,9.608310798322087,0.0,0.0,3.169685580677429,4.878524367060187
40335925,"Waste Management","https://www.wm.com",207,"Diversified Outsourcing Services","Business Services",14997.0,1505.0,48621.0,44900,5.61,6.13,-0.0848287112561173,2020,"1995-04-28",122.73,26.1,0.057542,111.0,2413.0,631.0,0.0406133444,14.8620930918,1,0,1,"standard",1,1,0,"https://www.wm.com/us/en/privacy",0,2018,0.0295878625,2200.0,3.5,3.2,3.4,3.2,3.0,3.6,3.1,"1",1.0,70.41999999999999,2.42,1,0.0,0.0,0.0,0.0,1.0,0.0,0.0,0.0,0.0,0.0,0.0,0.0,0.0,0.843001311372455,0.15699868862754496,0.35944075800809977,0.6405592419919002,0.4493894826548613,0,0,0.25,1,10.712193073730345,0.0,0.0,3.261935314328648,5.10881590977792
45407176,"Nordstrom","https://shop.nordstrom.com",205,"General Merchandisers","Retailing",11607.0,531.0,5658.0,75000,6.46,7.71,-0.1621271076523995,2020,"1946-09-28",5.75,74.8,-0.053307,128.0,3914.0,706.0,0.027593255,18.1484702351,1,0,1,"standard",1,1,0,"https://www.nordstrom.com/browse/customer-service/policy/privacy",2,2018,0.0511170822,17000.0,3.7,3.8,4.0,3.3,3.2,3.6,3.4,"1",1.0,71.33000000000001,2.3,1,0.0,0.0,0.0,0.0,0.0,0.0,0.0,0.0,0.0,1.0,0.0,0.0,0.0,0.5727464825584409,0.42725351744155915,0.5632666380800503,0.4367333619199497,0.4659967198403772,0,0,0.25,0,11.225243392518447,1.0986122886681098,1.4142135623730951,4.314817884980432,8.648699324175862
83800849,"American Electric Power","https://www.aep.com",204,"Electric and Gas Utilities","Energy",14924.0,1919.0,40084.0,17408,6.59,5.91,0.1150592216582063,2020,"1906-12-20",11.39,114.7,0.02479,72.0,1879.0,520.0,0.0361894625,16.7614008633,1,0,1,"standard",1,1,0,"https://aep.com/privacy",0,2018,0.0285271986,510.0,3.8,3.6,4.0,3.7,3.1,4.0,3.6,"1","",65.27000000000001,4.61,1,0.0,0.0,0.0,0.0,0.0,0.0,0.0,0.0,0.0,0.0,1.0,0.0,0.0,0.7511758707900027,0.2488241292099973,0.4772385825343347,0.5227614174656653,0.4428963866689156,0,0,0.25,0,9.76468514965567,0.0,0.0,4.742320024135325,10.709808588392232
16065958,"Colgate-Palmolive","https://www.colgatepalmolive.com",203,"Soaps and Cosmetics","Household Products",16471.0,2695.0,68745.0,34300,6.96,7.16,-0.0279329608938547,2020,"1923-07-25",9.85,98.1,0.153009,131.0,4421.0,914.0,0.0341551685,19.1178749583,1,0,0,"standard",1,0,0,"https://www.colgatepalmolive.com/en-us/legal-privacy-policy",0,2018,0.0462536697,2100.0,3.9,3.8,3.8,3.3,3.3,3.8,3.6,"1",2.0,67.65,8.6,1,0.0,0.0,0.0,1.0,0.0,0.0,0.0,0.0,0.0,0.0,0.0,0.0,0.0,0.7089505250310576,0.2910494749689424,0.6233905259469603,0.3766094740530397,0.16691473725549552,0,0,0.0,0,10.442900633154032,0.0,0.0,4.585987366571318,9.904544411531507
97338549,"Aramark","https://www.aramark.com",200,"Diversified Outsourcing Services","Business Services",12830.0,462.0,9236.0,209325,5.71,"","",2020,"2006-05-12",29.39,15.1,-0.017129,180.0,4414.0,903.0,0.0432714092,15.9076655087,1,0,1,"standard",1,1,0,"https://www.aramark.com/other/privacy-policy",1,2018,0.0185562522,7400.0,3.3,3.0,3.6,3.2,2.8,3.1,3.2,"1","",121.43,1.27,1,0.0,0.0,0.0,0.0,1.0,0.0,0.0,0.0,0.0,0.0,0.0,0.0,0.0,0.8981741159079258,0.10182588409207416,0.4242886767833626,0.5757113232166374,0.4193843018271779,0,0,0.25,1,12.251643347072633,0.6931471805599453,1.0,2.714694743820879,3.8858718455450894
52256752,"XPO Logistics","https://www.xpo.com",196,"Trucking, Transportation, Logistics","Transportation",15723.0,92.0,11447.0,100000,6.69,6.64,0.0075301204819278,2020,"2000-05-08",9.85,21.1,0.021866,101.0,3459.0,763.0,0.0372940156,19.6429243271,1,0,0,"standard",1,1,1,"https://www.xpo.com/privacy-policy/",1,2018,-0.0056277056,3900.0,3.6,3.5,4.0,3.2,3.3,3.7,3.6,"1",4.0,101.43,3.32,1,0.0,0.0,0.0,0.0,0.0,0.0,0.0,0.0,1.0,0.0,0.0,0.0,0.0,0.7741028108274873,0.22589718917251267,0.6559548498241098,0.3440451501758902,0.14248558483710072,0,0,0.5,1,11.512925464970229,0.6931471805599453,1.0,3.0492730404820207,4.5934736311423405
63926746,"Cognizant Technology Solutions","https://www.cognizant.com",194,"Information Technology Services","Technology",16783.0,1842.0,25495.2,292500,6.04,5.93,0.0185497470489039,2020,"1988-04-06",9.13,33.2,0.089994,96.0,2748.0,719.0,0.0349344978,19.4267103348,1,0,1,"standard",1,1,1,"https://www.cognizant.com/privacy-notice",0,2018,0.0404692795,52000.0,3.5,3.3,3.5,3.2,2.9,3.2,3.4,"1",1.0,84.79,5.66,1,0.0,0.0,1.0,0.0,0.0,0.0,0.0,0.0,0.0,0.0,0.0,0.0,0.0,0.7251268737557635,0.27487312624423654,0.6425449442220507,0.35745505577794934,0.4080820455055465,0,0,0.5,1,12.58621994565405,0.0,0.0,3.502549875922443,5.761944116355173
20127012,"Mastercard","https://www.mastercard.com",191,"Consumer Credit Card and Related Services","Business Services",15031.0,6411.0,333881.0,18600,7.56,7.39,0.0230040595399188,2020,"1966-01-01",8.96,55.5,0.162408,237.0,6688.0,1045.0,0.0336423445,18.4588163447,1,1,1,"standard",1,1,1,"https://mea.mastercard.com/en-region-mea/about-mastercard/what-we-do/privacy.html",0,2018,0.0333300161,3000.0,4.4,4.5,4.4,4.3,4.1,4.5,4.2,"1",2.0,61.88,3.46,1,0.0,0.0,0.0,0.0,1.0,0.0,0.0,0.0,0.0,0.0,0.0,0.0,0.0,0.6983059619966657,0.3016940380033343,0.5825147542145872,0.4174852457854128,0.6797948209471868,0,0,0.5,0,9.830916859701293,0.0,0.0,4.0163830207523885,7.44983221287567
91013737,"Salesforce","https://www.salesforce.com",190,"Computer Software","Technology",20286.0,3557.0,204547.0,54557,7.53,7.79,-0.0333761232349165,2020,"1999-02-03",3.82,22.3,0.004683,27.0,1251.0,430.0,0.0175859313,24.7363709033,1,0,1,"standard",1,1,1,"https://www.salesforce.com/company/privacy/",0,2018,0.0632009753,8700.0,4.4,4.5,4.4,4.2,4.2,4.5,4.3,"1",2.0,75.55,2.72,1,0.0,0.0,1.0,0.0,0.0,0.0,0.0,0.0,0.0,0.0,0.0,0.0,0.0,0.36502689858769427,0.6349731014123057,0.9718577987933045,0.028142201206695527,0.41577882565475033,0,0,0.5,1,10.90700130566835,0.0,0.0,3.104586678466073,4.722287581247038
49714782,"PayPal Holdings","https://www.paypal.com",182,"Consumer Credit Card and Related Services","Business Services",20299.0,3142.0,286198.0,23200,7.21,7.13,0.0112201963534361,2020,"2015-01-30",8.37,6.3,0.035206,145.0,3290.0,799.0,0.0373860182,14.3646158684,1,0,1,"standard",0,1,0,"https://www.paypal.com/us/webapps/mpp/ua/privacy-full",0,2018,0.0217893218,4600.0,4.0,4.0,4.1,3.8,3.5,4.1,3.6,"1",3.0,75.3,3.09,1,0.0,0.0,0.0,0.0,1.0,0.0,0.0,0.0,0.0,0.0,0.0,0.0,0.0,0.7760124864179979,0.22398751358200208,0.32858649860516453,0.6714135013948355,0.4738502537442094,0,1,0.5,1,10.0519075576544,0.0,0.0,1.840549633397487,2.5099800796022267
2257066,"Jones Lang LaSalle (JLL)","https://www.us.jll.com",179,"Real Estate","Financials",17145.0,427.0,7907.0,93000,6.43,6.24,0.0304487179487178,2020,"1997-04-15",9.13,24.2,0.031159,58.0,997.0,363.0,0.0351053159,13.0945180369,1,0,1,"standard",1,1,1,"https://www.us.jll.com/en/mobile-app-privacy-statement",1,2018,0.0686489968,5200.0,3.7,3.7,3.7,3.6,3.3,3.5,3.6,"1","",90.81000000000002,4.14,1,0.0,0.0,0.0,0.0,0.0,0.0,1.0,0.0,0.0,0.0,0.0,0.0,0.0,0.728672503509568,0.271327496490432,0.24981318775411251,0.7501868122458875,0.5053785771840799,0,0,0.5,1,11.440354772135393,0.6931471805599453,1.0,3.186352633162641,4.919349550499537
18164447,"Emerson Electric","https://www.emerson.com",176,"Industrial Machinery","Industrials",16785.0,1965.0,50469.0,83500,5.94,6.63,-0.1040723981900451,2020,"1890-09-24",8.71,131.0,0.082209,193.0,6487.0,1298.0,0.0368429166,20.6959855143,1,0,1,"standard",1,1,0,"https://www.emerson.com/en-us/privacy-notice",0,2018,0.0139365743,4100.0,3.6,3.3,3.5,3.5,3.0,3.2,3.3,"1","",57.84,3.76,1,0.0,0.0,0.0,0.0,0.0,0.0,0.0,0.0,0.0,0.0,0.0,1.0,0.0,0.7647394586047926,0.23526054139520736,0.7212672330021165,0.2787327669978835,0.3784983270982727,0,0,0.25,0,11.332601910838946,0.0,0.0,4.875197323201151,11.445523142259598
23104382,"Kimberly-Clark","https://www.kimberly-clark.com",175,"Soaps and Cosmetics","Household Products",19140.0,2352.0,44691.0,40000,6.8,7.05,-0.0354609929078014,2020,"1928-06-29",10.06,93.1,0.137131,134.0,3683.0,964.0,0.0309530274,17.6516459246,1,0,1,"standard",1,1,0,"https://www.kimberly-clark.com/en/privacy",1,2018,0.0582025254,2500.0,4.0,4.0,4.0,3.7,3.5,3.9,3.5,"1",1.0,64.17,4.17,1,0.0,0.0,0.0,1.0,0.0,0.0,0.0,0.0,0.0,0.0,0.0,0.0,0.0,0.6424844610715568,0.35751553892844323,0.5324528732827705,0.46754712671722953,0.4562656664114182,0,0,0.25,0,10.596634733096073,0.6931471805599453,1.0,4.533674184283021,9.648834126463155
67426216,"Tenet Healthcare","https://www.tenethealth.com",174,"Health Care: Medical Facilities","Health Care",18479.0,232.0,1501.8,101104,5.77,6.12,-0.0571895424836602,2020,"1975-11-07",47.94,45.7,0.038883,69.0,2041.0,597.0,0.0377266046,17.9661319757,1,0,1,"standard",1,1,0,"https://www.tenethealth.com/privacy",0,2018,0.0117203784,890.0,3.2,3.0,3.5,3.1,2.6,3.3,3.2,"1",1.0,103.18,8.61,1,0.0,0.0,0.0,0.0,0.0,0.0,0.0,1.0,0.0,0.0,0.0,0.0,0.0,0.7830819554823486,0.2169180445176514,0.5519577545975924,0.44804224540240756,0.4162400724800147,0,0,0.25,0,11.523904969013236,0.0,0.0,3.822098297900159,6.760177512462229
38270491,"NextEra Energy","https://www.nexteraenergy.com",172,"Electric and Gas Utilities","Energy",17997.0,2919.0,164661.0,14800,7.55,7.35,0.0272108843537415,2020,"1984-09-10",11.6,36.8,0.026214,65.0,1637.0,526.0,0.0323762981,16.9644997885,1,0,1,"standard",1,0,0,"https://www.nexteraenergy.com/privacy-policy.html",0,2018,0.0457042435,687.0,3.9,3.5,4.1,3.0,3.2,3.7,3.7,"1",2.0,71.91,3.68,1,0.0,0.0,0.0,0.0,0.0,0.0,0.0,0.0,0.0,0.0,1.0,0.0,0.0,0.672026944810916,0.32797305518908404,0.4898350726404546,0.5101649273595454,0.45953449563715737,0,0,0.0,0,9.602382459752207,0.0,0.0,3.6054978451748854,6.06630035524124
19452525,"Netflix","https://www.netflix.com",164,"Entertainment","Media",24996.0,2761.0,259043.0,9400,7.32,7.64,-0.0418848167539266,2020,"1997-08-29",14.39,23.8,0.07824,187.0,5974.0,1034.0,0.0344827586,19.0323759464,1,1,1,"standard",1,1,0,"https://help.netflix.com/legal/privacy",2,2018,0.0077922078,1400.0,4.3,4.0,4.2,3.3,3.6,4.6,3.7,"1",3.0,74.66,2.39,1,0.0,0.0,0.0,0.0,0.0,1.0,0.0,0.0,0.0,0.0,0.0,0.0,0.0,0.715750233057384,0.28424976694261594,0.6180877531409456,0.38191224685905445,0.6665405034504176,0,0,0.25,1,9.148464968258095,1.0986122886681098,1.4142135623730951,3.169685580677429,4.878524367060187
97306865,"Whirlpool","https://www.whirlpoolcorp.com",162,"Home Equipment, Furnishings","Industrials",19456.0,1081.0,12242.0,78000,6.96,6.92,0.0057803468208092,2020,"1955-08-10",8.9,66.0,0.060347,197.0,5047.0,909.0,0.041014464,16.1680644581,1,0,1,"standard",1,1,0,"https://whirlpoolcorp.com/privacy-notice-united-states-and-canada/",0,2018,0.0443507323,3900.0,3.9,3.8,3.9,3.7,3.4,3.9,3.7,"1","",98.61,3.39,1,0.0,0.0,0.0,0.0,0.0,0.0,0.0,0.0,0.0,0.0,0.0,1.0,0.0,0.8513272533457832,0.14867274665421681,0.44043899755207716,0.5595610024479228,0.42705843727553494,0,0,0.25,0,11.26446410567173,0.0,0.0,4.189654742026425,8.12403840463596
95680362,"Danaher","https://www.danaher.com",161,"Medical Products and Equipment","Health Care",22284.0,3646.0,168395.0,60000,6.23,5.93,0.0505902192242834,2020,"1986-10-03",9.72,34.7,0.042533,145.0,3164.0,719.0,0.038874842,15.1378839531,1,0,1,"standard",1,0,0,"https://www.danaher.com/sites/default/files/inline-files/Danaher%20Privacy%20Policy.pdf",0,2018,0.0003781659,483.0,4.4,4.3,4.7,3.8,3.9,4.2,4.3,"1",1.0,54.22,3.54,1,0.0,0.0,0.0,0.0,0.0,0.0,0.0,1.0,0.0,0.0,0.0,0.0,0.0,0.8069156399096498,0.19308436009035024,0.3765457074917209,0.6234542925082791,0.45413466314965734,0,0,0.0,1,11.002099841204238,0.0,0.0,3.5467396869528134,5.890670590009257
29577074,"Bank of New York Mellon","https://www.bnymellon.com",159,"Commercial Banks","Financials",20822.0,4441.0,29808.5,48400,6.84,6.67,0.025487256371814,2020,"2007-07-01",6.16,13.9,0.00852,64.0,1533.0,440.0,0.032615786,15.1389799413,1,0,1,"standard",1,1,1,"https://www.bnymellon.com/us/en/privacy-policy.html",0,2018,0.0697740956,6900.0,3.1,3.0,3.7,3.3,2.6,2.9,2.8,"1",2.0,65.85999999999999,12.05,1,0.0,0.0,0.0,0.0,0.0,0.0,1.0,0.0,0.0,0.0,0.0,0.0,0.0,0.6769979369008419,0.32300206309915813,0.37661368227053443,0.6233863177294656,0.48659709520715594,0,0,0.5,1,10.787255092704724,0.0,0.0,2.631888840136646,3.7282703764614498
7282506,"Southern Company","https://www.southerncompany.com",153,"Electric and Gas Utilities","Energy",20172.0,3173.0,64062.0,27943,6.31,"","",2020,"1945-11-09",8.19,75.7,0.027081,79.0,1875.0,593.0,0.0352,14.5283375527,1,1,0,"standard",1,0,0,"https://www.southerncompany.com/privacy-statement.html",0,2018,0.0059262577,692.0,4.3,3.9,4.4,3.9,3.6,4.4,3.8,"1",4.0,49.24,4.69,1,0.0,0.0,0.0,0.0,0.0,0.0,0.0,0.0,0.0,0.0,1.0,0.0,0.0,0.7306378383433603,0.26936216165663973,0.338740755080975,0.661259244919025,0.48265535164391615,0,0,0.0,0,10.23792199998891,0.0,0.0,4.3267781604434035,8.700574693662482
47147965,"PNC Financial Services Group","https://www.pnc.com",151,"Superregional Banks","Financials",18262.0,7558.0,66208.0,50403,7.25,7.33,-0.0109140518417462,2020,"1969-04-30",23.35,52.2,0.017307,146.0,3140.0,767.0,0.0321656051,14.7938225286,1,0,1,"standard",1,1,0,"https://www.pnc.com/en/privacy-policy.html",1,2018,0.0656855915,6300.0,3.7,3.9,4.2,3.7,3.4,3.5,3.6,"1","",71.99000000000002,5.76,1,0.0,0.0,0.0,0.0,0.0,0.0,1.0,0.0,0.0,0.0,0.0,0.0,0.0,0.6676536414565387,0.3323463585434613,0.35520651859476365,0.6447934814052363,0.49428495998717437,0,0,0.25,0,10.827805976097512,0.6931471805599453,1.0,3.955082494888593,7.224956747275377
62258152,"Union Pacific","https://www.up.com",149,"Trucking, Transportation, Logistics","Transportation",19533.0,5349.0,147025.0,30960,6.67,6.03,0.1061359867330016,2020,"1969-02-03",30.62,52.4,0.079369,120.0,3415.0,756.0,0.0301610542,17.6849438751,1,0,1,"standard",1,1,0,"https://www.up.com/aboutup/corporate_info/privacy/index.htm",0,2018,0.0095628203,2000.0,2.0,1.8,2.6,1.7,1.6,3.4,2.0,"1",2.0,68.87,4.99,1,0.0,0.0,0.0,0.0,0.0,0.0,0.0,0.0,1.0,0.0,0.0,0.0,0.0,0.6260456659899126,0.3739543340100874,0.5345180604993659,0.4654819395006341,0.45985906837768037,0,0,0.25,0,10.340451327703663,0.0,0.0,3.9589065913269965,7.238784428341543
26738076,"Occidental Petroleum","https://www.oxy.com",148,"Mining, Crude-Oil Production","Energy",19759.0,14858.0,21437.0,14400,7.33,6.57,0.1156773211567731,2020,"1986-04-09",9.45,35.2,-0.055639,45.0,688.0,270.0,0.0276162791,13.3248578811,1,0,0,"standard",0,0,0,"https://www.oxy.com/Information/Pages/Privacy-Policy.aspx",1,2018,0.0108197465,679.0,3.3,2.9,2.9,3.2,2.5,3.6,2.9,"0",2.0,84.60000000000001,4.62,1,0.0,0.0,0.0,0.0,0.0,0.0,0.0,0.0,0.0,0.0,1.0,0.0,0.0,0.5732243882020147,0.4267756117979853,0.2640991991923971,0.7359008008076029,0.29066910315139705,0,1,0.25,0,9.574983485564092,0.6931471805599453,1.0,3.5610460826040513,5.932958789676531
41405358,"Aflac","https://www.aflac.com",146,"Insurance: Life and Health","Financials",21837.0,4607.0,33058.0,11729,6.53,5.99,0.0901502504173622,2020,"1955-01-01",84.6,66.6,0.017307,330.0,9474.0,1369.0,0.0276546337,18.4922916307,1,0,1,"standard",1,1,0,"https://www.aflac.com/about-aflac/privacy-policy.aspx",5,2018,0.0567829361,3200.0,3.9,4.1,4.3,3.9,3.6,3.5,3.8,"1","","","",1,0.0,0.0,0.0,0.0,0.0,0.0,1.0,0.0,0.0,0.0,0.0,0.0,0.0,0.5740205053052683,0.42597949469473173,0.5845909400362663,0.4154090599637337,0.46034713866461635,0,0,0.25,0,9.369819686521504,1.791759469228055,2.23606797749979,4.198704577546343,8.160882305241266
99974471,"Southwest Airlines","https://www.southwest.com",141,"Airlines","Transportation",9048.0,3074.0,28467.0,56537,5.29,5.76,-0.0815972222222221,2020,"1967-03-09",21.86,54.3,-0.104182,187.0,5681.0,1126.0,0.04048583,18.2493897004,1,0,1,"ccpa",1,1,0,"https://www.southwest.com/html/about-southwest/terms-and-conditions/privacy-policy-pol.html",1,2018,0.0147007016,2700.0,4.6,4.6,4.5,4.2,4.1,4.5,4.3,"1",3.0,75.30000000000001,2.98,0,0.0,1.0,0.0,0.0,0.0,0.0,0.0,0.0,1.0,0.0,0.0,0.0,0.0,0.8403545259868399,0.1596454740131601,0.569525809786225,0.430474190213775,0.39752991605673377,1,0,0.5,0,10.942650570059175,0.6931471805599453,1.0,3.9945242269398897,7.368853370776216
43863760,"Visa","https://usa.visa.com",137,"Consumer Credit Card and Related Services","Business Services",21479.0,10720.0,496377.0,20500,7.86,7.7,0.0207792207792207,2020,"2007-01-01",9.72,14.4,0.112382,175.0,3020.0,727.0,0.0367549669,12.3730558184,1,0,1,"standard",1,1,0,"https://usa.visa.com/dam/VCOM/global/support-legal/documents/privacy-notice.pdf",0,2018,0.0173801507,3900.0,4.1,4.1,4.1,4.0,3.7,4.0,3.7,"1",2.0,39.75,4.04,1,0.0,0.0,0.0,0.0,1.0,0.0,0.0,0.0,0.0,0.0,0.0,0.0,0.0,0.7629139080737999,0.23708609192620012,0.2050670538771095,0.7949329461228904,0.5080047595122726,0,0,0.25,1,9.9281801651265,0.0,0.0,2.667228206581955,3.794733192202055
53578149,"Penske Automotive Group","https://www.penskeautomotive.com",136,"Specialty Retailers","Retailing",20524.0,445.0,5287.0,27000,6.41,5.62,0.1405693950177935,2020,"1990-12-06",5.97,30.5,0.029353,198.0,4337.0,967.0,0.0251325801,15.8817452831,1,0,1,"standard",1,1,0,"https://www.penskeautomotive.com/privacy/privacy-policy/",0,2018,-0.0037518038,450.0,4.4,4.4,4.7,4.2,4.2,4.4,4.4,"1","",61.86,0.25,1,0.0,0.0,0.0,0.0,0.0,0.0,0.0,0.0,0.0,1.0,0.0,0.0,0.0,0.5216708521663452,0.47832914783365477,0.4226810667726387,0.5773189332273613,0.5139120202652541,0,0,0.25,1,10.203592144986466,0.0,0.0,3.417726683613366,5.522680508593631
56444265,"Amgen","https://www.amgen.com",135,"Pharmaceuticals","Health Care",23362.0,7842.0,119571.5,23400,6.66,6.92,-0.03757225433526,2020,"1986-10-31",6.53,34.6,0.095063,922.0,16702.0,2412.0,0.0119147407,16.3658528691,1,0,1,"standard",1,1,1,"https://www.amgen.com/privacy-statement",0,2018,0.0714678255,2700.0,4.1,3.9,4.1,3.7,3.6,4.1,3.7,"1",3.0,69.07000000000001,2.53,1,0.0,0.0,0.0,0.0,0.0,0.0,0.0,1.0,0.0,0.0,0.0,0.0,0.0,0.2473113747008425,0.7526886252991575,0.4527061218601612,0.5472938781398389,0.5749956258597491,0,0,0.5,1,10.060491301345794,0.0,0.0,3.543853682063679,5.882176467941097
28580986,"Qualcomm","https://www.qualcomm.com",126,"Semiconductors","Technology",23531.0,5198.0,186163.0,41000,6.53,6.46,0.0108359133126935,2020,"1991-08-15",8.37,29.8,0.136758,77.0,2033.0,616.0,0.0309886867,15.8537098907,1,0,1,"standard",1,1,0,"https://www.qualcomm.com/site/privacy",0,2018,0.0663542928,7200.0,4.1,3.7,3.8,3.4,3.4,3.9,3.8,"1",1.0,67.96000000000002,2.52,1,0.0,0.0,1.0,0.0,0.0,0.0,0.0,0.0,0.0,0.0,0.0,0.0,0.0,0.6432246324882852,0.3567753675117148,0.4209422710471564,0.5790577289528436,0.48395827411613956,0,0,0.25,1,10.621327345686446,0.0,0.0,3.3945083935113587,5.458937625582473
40232297,"Thermo Fisher Scientific","https://www.thermofisher.com",119,"Medical Products and Equipment","Technology",28497.0,4879.0,204446.0,75000,6.55,6.06,0.0808580858085808,2020,"1960-10-11",8.0,60.8,0.077275,152.0,4178.0,912.0,0.0320727621,18.1273361719,1,0,1,"standard",1,1,1,"https://www.thermofisher.com/us/en/home/global/privacy-policy.html",0,2018,0.0241955682,4900.0,3.7,3.6,3.8,3.4,3.3,3.5,3.6,"1","",76.67,6.64,1,0.0,0.0,1.0,0.0,0.0,0.0,0.0,0.0,0.0,0.0,0.0,0.0,0.0,0.6657265218876378,0.3342734781123622,0.5619558728077144,0.4380441271922856,0.44307940132616197,0,0,0.5,0,11.225243392518447,0.0,0.0,4.107589788972121,7.797435475847171
59306024,"Paccar","https://www.paccar.com",118,"Construction and Farm Machinery","Industrials",18729.0,1298.0,30969.0,27000,6.62,"","",2020,"1971-11-19",15.33,49.6,0.035724,233.0,7678.0,1580.0,0.0166710081,20.1621005112,1,0,1,"standard",1,1,0,"https://www.paccar.com/privacy.aspx",1,2018,0.0042991491,642.0,3.2,3.0,2.8,3.5,2.6,3.2,3.1,"1",3.0,62.51999999999999,1.69,1,0.0,0.0,0.0,0.0,0.0,0.0,0.0,0.0,0.0,0.0,0.0,1.0,0.0,0.34603606026104117,0.6539639397389588,0.688154910262188,0.311845089737812,0.49145225736919274,0,0,0.25,0,10.203592144986466,0.6931471805599453,1.0,3.903990833730882,7.042726744663604
44470487,"Bristol-Myers Squibb","https://www.bms.com",115,"Pharmaceuticals","Health Care",39395.0,44.0,149709.0,30000,6.63,6.84,-0.0307017543859649,2020,"1933-08-11",20.5,88.0,0.039,138.0,3472.0,751.0,0.0411866359,16.2158418487,1,0,1,"standard",1,1,0,"https://www.bms.com/privacy-policy.html",0,2018,0.0629975176,2600.0,4.1,4.1,4.1,3.9,3.6,4.1,3.7,"1",3.0,67.64,2.72,1,0.0,0.0,0.0,0.0,0.0,0.0,0.0,1.0,0.0,0.0,0.0,0.0,0.0,0.8549009835969044,0.14509901640309564,0.44340222065823803,0.556597779341762,0.4254241989362144,0,0,0.25,0,10.308952660644293,0.0,0.0,4.477336814478207,9.38083151964686
56327554,"Dollar General","https://www.dollargeneral.com",112,"Specialty Retailers","Retailing",27754.0,1712.6,47928.0,143000,5.63,"","",2020,"1998-05-29",6.43,23.0,0.091333,123.0,4032.0,918.0,0.0451388889,19.7391792489,1,0,1,"standard",1,1,0,"https://www.dollargeneral.com/privacy-policy.html",1,2018,-0.0202020202,8000.0,2.9,2.8,3.4,2.5,2.6,2.7,3.2,"1",2.0,84.88999999999999,5.26,1,0.0,0.0,0.0,0.0,0.0,0.0,0.0,0.0,0.0,1.0,0.0,0.0,0.0,0.9369369378158267,0.06306306218417335,0.6619247197725848,0.3380752802274152,0.3502845856028971,0,0,0.25,1,11.870599909242044,0.6931471805599453,1.0,3.1354942159291497,4.795831523312719
38807133,"Hewlett Packard Enterprise","https://www.hpe.com",109,"Computers","Technology",26982.0,322.0,15962.0,59400,5.97,5.51,0.0834845735027223,2020,"2015-02-25",10.09,6.2,0.020294,165.0,4607.0,1051.0,0.0310397222,17.9581527452,1,0,1,"standard",1,1,1,"https://www.hpe.com/us/en/legal/privacy.html",1,2018,0.0967446772,13000.0,3.7,3.8,4.3,3.9,3.3,3.5,3.3,"1",1.0,82.47999999999999,2.46,1,0.0,0.0,1.0,0.0,0.0,0.0,0.0,0.0,0.0,0.0,0.0,0.0,0.0,0.6442839639484775,0.35571603605152247,0.5514628711414208,0.4485371288585792,0.4510632912275254,0,0,0.5,1,10.992049505350737,0.6931471805599453,1.0,1.824549292051046,2.4899799195977463
81079250,"Abbott Laboratories","https://www.abbott.com",104,"Medical Products and Equipment","Health Care",34608.0,4495.0,200082.0,107000,7.18,6.86,0.0466472303206996,2020,"1900-03-06",6.91,121.5,0.049426,145.0,4379.0,958.0,0.0365380224,18.3371363325,1,0,1,"standard",1,1,1,"https://www.abbott.com/privacy-policy.html",0,2018,0.0719247759,5200.0,3.9,3.6,3.8,3.3,3.2,4.0,3.6,"1",4.0,54.38,4.25,1,0.0,0.0,0.0,0.0,0.0,0.0,0.0,1.0,0.0,0.0,0.0,0.0,0.0,0.7584108438544681,0.2415891561455319,0.5749679832591007,0.4250320167408993,0.41665529322160777,0,0,0.5,0,11.580584113444043,0.0,0.0,4.799914262780603,11.022703842524301
98041190,"Northwestern Mutual","https://www.northwesternmutual.com",102,"Insurance: Life and Health","Financials",32294.0,1268.0,"",5964,6.34,6.29,0.0079491255961843,-99,"1857-01-01","",164.8,0.023612,121.0,3060.0,678.0,0.0290849673,18.0895586885,1,0,1,"standard",1,1,0,"https://www.northwesternmutual.com/online-privacy-statement/",2,2018,-0.0019206847,7100.0,4.1,4.2,4.2,4.0,4.1,3.8,4.1,"1","","","",1,0.0,0.0,0.0,0.0,0.0,0.0,1.0,0.0,0.0,0.0,0.0,0.0,0.0,0.6037095919420261,0.3962904080579739,0.5596128584593438,0.44038714154065617,0.4591693873996575,0,0,0.25,0,8.69349667588463,1.0986122886681098,1.4142135623730951,5.1047326174753715,12.83744522870497
69795220,"AbbVie","https://www.abbvie.com",99,"Pharmaceuticals","Health Care",40650.0,7381.0,198828.0,47000,6.46,6.49,-0.0046224961479199,2020,"2012-04-10",13.84,9.1,0.081874,220.0,6993.0,1266.0,0.035035035,19.8187925588,1,0,1,"standard",1,1,0,"https://www.abbvie.com/privacy.html",0,2018,0.0468474328,2100.0,4.0,3.8,3.9,3.6,3.5,4.1,3.7,"1",3.0,45.64000000000001,2.67,1,0.0,0.0,0.0,0.0,0.0,0.0,0.0,1.0,0.0,0.0,0.0,0.0,0.0,0.7272136999626128,0.27278630003738724,0.6668624527984156,0.3331375472015844,0.4014809618097429,0,0,0.25,1,10.757902880692196,0.0,0.0,2.2082744135228043,3.0166206257996713
65808664,"Capital One Financial","https://www.capitalone.com",97,"Consumer Credit Card and Related Services","Financials",31643.0,2714.0,50946.0,52000,6.29,6.14,0.0244299674267101,2020,"1994-11-22",8.0,26.6,0.006692,157.0,3751.0,854.0,0.0410557185,15.5604202361,1,0,1,"standard",1,1,0,"https://www.capitalone.com/privacy/online-privacy-policy",4,2018,0.0190067985,9800.0,4.2,4.2,4.3,4.2,3.7,4.2,3.8,"1",2.0,49.3,3.24,1,0.0,0.0,0.0,0.0,0.0,0.0,1.0,0.0,0.0,0.0,0.0,0.0,0.0,0.8521835629679972,0.14781643703200276,0.4027520210064032,0.5972479789935967,0.43626610400639987,0,0,0.25,1,10.858998997563564,1.6094379124341003,2.0,3.2809112157876537,5.157518783291051
38940501,"Exelon","https://www.exeloncorp.com",95,"Electric and Gas Utilities","Energy",33267.0,2376.0,41928.0,32713,6.2,6.19,0.0016155088852988,2020,"1999-02-04",19.19,22.3,0.0212,97.0,2435.0,622.0,0.0435318275,15.100785368,1,0,1,"standard",1,0,0,"https://www.exeloncorp.com/privacy-policy",0,2018,0.0651473686,883.0,4.0,3.9,4.3,3.5,3.6,4.4,3.9,"1","",75.99000000000001,3.44,1,0.0,0.0,0.0,0.0,0.0,0.0,0.0,0.0,0.0,0.0,1.0,0.0,0.0,0.903579555219774,0.09642044478022604,0.3742447994012275,0.6257552005987725,0.4305439113447497,0,0,0.0,1,10.395527831398702,0.0,0.0,3.104586678466073,4.722287581247038
10238564,"ConocoPhillips","https://www.conocophillips.com",93,"Mining, Crude-Oil Production","Energy",21475.0,1209.0,61446.0,9800,6.73,6.59,0.0212443095599393,2020,"2001-11-16",18.75,19.6,-0.015285,208.0,6200.0,1275.0,0.034516129,18.7230769231,1,0,1,"standard",1,0,0,"https://www.conocophillips.com/legal-and-privacy-policy/",0,2018,0.0240995063,1200.0,3.9,3.8,3.5,3.8,3.4,4.3,3.2,"1",1.0,65.82000000000001,4.23,1,0.0,0.0,0.0,0.0,0.0,0.0,0.0,0.0,0.0,0.0,1.0,0.0,0.0,0.7164428943335389,0.2835571056664611,0.598904578818411,0.40109542118158903,0.42116313171201253,0,0,0.0,1,9.190137664658664,0.0,0.0,2.975529566236472,4.427188724235731
99007911,"Honeywell International","https://www.honeywell.com",92,"Electronics","Industrials",32637.0,4779.0,146007.0,113000,7.3,7.17,0.0181311018131101,2020,"1999-11-24",7.27,21.5,0.067476,293.0,7166.0,1172.0,0.0348869662,16.1239901354,1,0,1,"standard",1,1,0,"https://www.honeywell.com/us/en/privacy-statement",0,2018,0.0204311865,12000.0,3.5,3.2,3.8,3.2,3.0,3.5,3.6,"1",2.0,63.62,6.53,1,0.0,0.0,0.0,0.0,0.0,0.0,0.0,0.0,0.0,0.0,0.0,1.0,0.0,0.7241402718956214,0.27585972810437864,0.43770544409147755,0.5622945559085224,0.45953857100322526,0,0,0.25,1,11.635143097694478,0.0,0.0,3.068052935133617,4.636809247747852
10940099,"Progressive","https://www.progressive.com",86,"Insurance: Property and Casualty","Financials",42658.0,5705.0,56224.0,41571,6.68,6.33,0.0552922590837282,2020,"1937-01-01",3.66,84.6,0.077622,26.0,478.0,240.0,0.0146443515,12.9605407145,1,0,1,"standard",1,1,0,"http://www.progressive.com/privacy/",0,2018,0.0207389615,3400.0,4.1,4.3,4.4,3.7,3.9,4.1,4.1,"0",1.0,77.2,4.37,1,0.0,0.0,0.0,0.0,0.0,0.0,1.0,0.0,0.0,0.0,0.0,0.0,0.0,0.3039692421562598,0.6960307578437401,0.24150371977246687,0.7584962802275331,0.6136317595178183,0,0,0.25,0,10.635158087766825,0.0,0.0,4.437934266612178,9.197825830053535
71942107,"Deere","https://www.deere.com",84,"Construction and Farm Machinery","Industrials",35540.0,2751.0,94622.0,69634,8.4,7.37,0.1397557666214383,2020,"1958-04-25",7.11,63.2,0.047326,165.0,3695.0,931.0,0.0300405954,15.4961413868,1,0,1,"standard",1,1,0,"https://www.deere.com/en/privacy-and-data/",0,2018,0.0403517938,3600.0,3.9,3.8,3.6,3.7,3.4,4.0,3.6,"1",1.0,44.63,2.86,1,0.0,0.0,0.0,0.0,0.0,0.0,0.0,0.0,0.0,0.0,0.0,1.0,0.0,0.6235453319773719,0.37645466802262806,0.3987653534824717,0.6012346465175282,0.4944223286350391,0,0,0.25,0,11.151008232789549,0.0,0.0,4.146304301152812,7.9498427657407165
24984086,"TJX","https://www.tjx.com",80,"Specialty Retailers","Retailing",33401.0,750.0,81992.0,286000,6.15,6.18,-0.0048543689320387,2019,"1962-04-09",3.66,59.3,0.001597,59.0,1743.0,529.0,0.0401606426,17.5541838054,1,0,1,"standard",1,0,0,"https://www.tjx.com/privacy",0,2018,0.0473840761,2900.0,3.8,3.8,4.0,3.5,3.4,3.3,3.6,"1",6.0,"","",1,0.0,0.0,0.0,0.0,0.0,0.0,0.0,0.0,0.0,1.0,0.0,0.0,0.0,0.8336046902200075,0.1663953097799925,0.5264081311994959,0.4735918688005041,0.4099967946451242,0,0,0.0,0,12.56374708980199,0.0,0.0,4.08260930600368,7.700649323271382
60987513,"Best Buy","https://investors.bestbuy.com/investor-relations/overview/default.aspx",75,"Specialty Retailers","Retailing",45521.0,1727.0,29062.0,125000,7.39,5.41,0.365988909426987,2020,"1966-10-20",8.42,54.7,0.093304,139.0,2951.0,784.0,0.0399864453,14.8628081202,1,0,1,"standard",1,1,0,"https://www.bestbuy.com/site/help-topics/privacy-policy/pcmcat204400050062.c?id=pcmcat204400050062&intl=nosplash",2,2018,0.0694581281,25000.0,3.8,3.7,4.1,3.4,3.3,3.6,3.4,"1",1.0,"","",1,0.0,0.0,0.0,0.0,0.0,0.0,0.0,0.0,0.0,1.0,0.0,0.0,0.0,0.8299889192337221,0.1700110807662779,0.35948510510721576,0.6405148948927842,0.45263149391476554,0,0,0.25,0,11.736069016284437,1.0986122886681098,1.4142135623730951,4.001863709427935,7.395944834840239
77223592,"Allstate","https://www.allstate.com",72,"Insurance: Property and Casualty","Financials",44245.0,4725.0,33752.0,46035,6.66,6.53,0.0199081163859111,2020,"1931-01-01",3.66,90.6,0.043308,180.0,4676.0,1035.0,0.0286569718,17.6965003327,1,0,1,"standard",1,1,1,"https://www.allstate.com/about/privacy-statement-aic.aspx",1,2018,0.0464917373,6700.0,3.5,3.4,3.9,3.6,3.1,3.2,3.2,"1",2.0,66.63000000000001,2.83,1,0.0,0.0,0.0,0.0,0.0,0.0,1.0,0.0,0.0,0.0,0.0,0.0,0.0,0.594825793449393,0.405174206550607,0.5352348087720457,0.46476519122795434,0.4674848494446403,0,0,0.5,0,10.737157255721947,0.6931471805599453,1.0,4.506454213048934,9.518403227432634
11663411,"Merck","https://www.merck.com",69,"Pharmaceuticals","Health Care",47347.0,11517.0,208627.0,71000,7.45,7.46,-0.0013404825737265,2020,"1970-07-28",7.61,50.9,0.032177,137.0,3911.0,815.0,0.0439785221,17.4736955658,1,0,1,"standard",0,1,0,"https://www.msdprivacy.com/us/en/internet-privacy-policy/",0,2018,0.0877939493,4500.0,4.2,4.1,4.3,3.9,3.7,4.1,3.8,"1",3.0,63.42000000000001,3.98,1,0.0,0.0,0.0,0.0,0.0,0.0,0.0,1.0,0.0,0.0,0.0,0.0,0.0,0.9128514863829459,0.08714851361705411,0.521416133763852,0.478583866236148,0.39143309496330053,0,1,0.5,0,11.170435156023453,0.0,0.0,3.929862923556477,7.134423592694787
33131762,"Delta Air Lines","https://www.delta.com",68,"Airlines","Transportation",17095.0,12385.0,26543.0,90000,6.89,7.31,-0.0574555403556771,2020,"1967-03-16",23.35,54.3,-0.084231,266.0,11935.0,1750.0,0.0274821952,24.7776993804,1,0,1,"standard",1,1,0,"https://www.delta.com/us/en/legal/privacy-and-security",2,2018,0.0189962018,4000.0,4.5,4.4,4.5,4.1,4.0,4.4,4.2,"1",4.0,65.34,2.97,1,0.0,0.0,0.0,0.0,0.0,0.0,0.0,0.0,1.0,0.0,0.0,0.0,0.0,0.5704412413027918,0.42955875869720817,0.9744210509246416,0.025578949075358404,0.3637844269431416,0,0,0.25,0,11.407564949312402,1.0986122886681098,1.4142135623730951,3.9945242269398897,7.368853370776216
39511968,"American Express","https://www.americanexpress.com",67,"Consumer Credit Card and Related Services","Financials",38185.0,3135.0,103823.0,64000,6.76,6.51,0.0384024577572964,2020,"1850-03-18",22.4,171.6,0.016089,129.0,3692.0,865.0,0.0303358613,17.3202180285,1,0,1,"standard",1,1,0,"https://www.americanexpress.com/us/company/privacy-center/online-privacy-disclosures/",4,2018,0.0175193693,10000.0,4.2,4.2,4.4,4.2,3.8,3.9,3.9,"1",2.0,59.01,22.83,1,0.0,0.0,0.0,0.0,0.0,0.0,1.0,0.0,0.0,0.0,0.0,0.0,0.0,0.6296740944464772,0.37032590555352285,0.5118972341527028,0.48810276584729717,0.464607167850205,0,0,0.25,0,11.06663836234181,1.6094379124341003,2.0,5.145166187053862,13.099618315050252
17081064,"HCA Healthcare","https://www.hcahealthcare.com",65,"Health Care: Medical Facilities","Health Care",50763.0,3399.0,56831.0,245000,6.83,6.89,-0.0087082728592162,2020,"2010-10-19",25.45,10.6,0.097273,500.0,12355.0,2578.0,0.0254957507,16.5825026305,1,0,1,"standard",1,0,0,"https://hcahealthcare.com/legal/index.dot#privacy-policy",0,2018,0.0115620491,3000.0,3.6,3.6,3.8,3.4,3.2,3.5,3.6,"1",1.0,69.91999999999999,4.35,1,0.0,0.0,0.0,0.0,0.0,0.0,0.0,1.0,0.0,0.0,0.0,0.0,0.0,0.5292090959769663,0.4707909040230337,0.4661430544942505,0.5338569455057496,0.5011619623821958,0,0,0.0,1,12.409013489526863,0.0,0.0,2.3608540011180215,3.255764119219941
89802512,"Pfizer","https://www.pfizer.com",64,"Pharmaceuticals","Health Care",48649.0,8686.0,202882.0,88300,6.52,6.65,-0.0195488721804512,2020,"1942-06-02",5.21,79.2,0.039342,151.0,4158.0,988.0,0.0351130351,18.1333766552,1,0,1,"standard",1,1,1,"https://www.pfizer.com/Privacy",0,2018,0.0261872419,5300.0,4.3,4.1,4.1,3.9,3.7,4.2,3.8,"1",8.0,56.39000000000001,3.37,1,0.0,0.0,0.0,0.0,0.0,0.0,0.0,1.0,0.0,0.0,0.0,0.0,0.0,0.7288327290664357,0.2711672709335643,0.5623305123487641,0.4376694876512359,0.4272091896462,0,0,0.5,0,11.388495386592052,0.0,0.0,4.37197629882038,8.899438184514796
93968555,"Cisco Systems","https://www.cisco.com",63,"Network and Other Communications Equipment","Technology",48071.0,10462.0,191585.0,77500,6.55,7.85,-0.1656050955414012,2020,"2021-01-15",38.46,0.3,0.091162,136.0,3666.0,947.0,0.0286415712,17.6999743269,1,1,1,"standard",1,1,1,"https://www.cisco.com/c/en/us/about/legal/privacy-full.html",1,2018,0.1136123136,23000.0,4.1,4.2,4.1,4.1,3.7,4.0,3.8,"1",2.0,154.57000000000002,2.31,1,0.0,0.0,1.0,0.0,0.0,0.0,0.0,0.0,0.0,0.0,0.0,0.0,0.0,0.5945061269410638,0.40549387305893625,0.53545027093427,0.46454972906573,0.7175109005311666,0,0,0.5,1,11.258033215341438,0.6931471805599453,1.0,-1.2039728043259361,0.5477225575051661
81280069,"Caterpillar","https://www.caterpillar.com",62,"Construction and Farm Machinery","Industrials",41748.0,2998.0,104491.0,102300,8.08,7.34,0.1008174386920981,2020,"1986-03-12",3.66,35.3,0.039522,613.0,15251.0,3090.0,0.0245885516,18.1688789749,1,0,1,"standard",1,1,0,"https://www.caterpillar.com/en/legal-notices/dataprivacy.html",0,2018,0.0293045396,5100.0,3.9,3.6,3.8,3.6,3.2,4.0,3.4,"1",3.0,"","",1,0.0,0.0,0.0,0.0,0.0,0.0,0.0,0.0,0.0,0.0,0.0,1.0,0.0,0.510378584915289,0.489621415084711,0.5645324177424287,0.4354675822575713,0.48127224933557056,0,0,0.25,0,11.535664951939717,0.0,0.0,3.563882963939251,5.941380311005179
92536935,"Morgan Stanley","https://www.morganstanley.com",61,"Megabanks","Financials",52047.0,10996.0,135401.0,68097,6.41,6.55,-0.0213740458015266,2020,"1924-01-01",38.46,97.6,0.011116,120.0,2693.0,775.0,0.0211659859,16.7301014977,1,0,1,"standard",1,1,1,"https://www.morganstanley.com/disclaimers/us-privacy-policy-and-notice",1,2018,0.0372751769,11000.0,4.0,4.0,4.0,3.6,3.7,3.7,3.8,"1",2.0,57.37999999999999,2.06,1,0.0,0.0,0.0,0.0,0.0,0.0,1.0,0.0,0.0,0.0,0.0,0.0,0.0,0.4393372211472171,0.5606627788527829,0.4752973504538598,0.5247026495461402,0.5213413570997307,0,0,0.5,0,11.128688438303811,0.6931471805599453,1.0,4.580877493419047,9.879271228182775
48599151,"Goldman Sachs Group","https://www.goldmansachs.com",60,"Megabanks","Financials",52778.0,9459.0,104183.0,40500,6.7,6.68,0.0029940119760479,2020,"1990-12-31",13.84,30.5,0.008774,43.0,1596.0,464.0,0.0250626566,19.6836043597,1,0,1,"standard",1,1,1,"https://www.goldmansachs.com/privacy-and-cookies/index.html",2,2018,0.056313546,10000.0,4.0,3.8,4.0,3.1,3.6,3.7,4.0,"1",3.0,54.68,7.29,1,0.0,0.0,0.0,0.0,0.0,0.0,1.0,0.0,0.0,0.0,0.0,0.0,0.0,0.5202194670842599,0.4797805329157401,0.6584778844864444,0.3415221155135556,0.45532566210732395,0,0,0.5,1,10.60905725309463,1.0986122886681098,1.4142135623730951,3.417726683613366,5.522680508593631
94341056,"HP","https://www8.hp.com",58,"Computers","Technology",56639.0,2844.0,32499.0,53000,6.36,6.43,-0.0108864696734058,2020,"1998-02-11",9.5,23.3,0.079752,200.0,5760.0,1280.0,0.0321180556,18.3116666667,1,0,1,"gdpr",1,1,1,"https://www8.hp.com/us/en/privacy/privacy.html",2,2018,0.1082213763,5200.0,4.0,4.2,4.3,4.0,3.5,3.6,3.6,"1",2.0,67.41,3.05,0,1.0,0.0,1.0,0.0,0.0,0.0,0.0,0.0,0.0,0.0,0.0,0.0,0.0,0.6666666680504505,0.3333333319495495,0.5733883176210874,0.42661168237891256,0.4399862535821155,1,0,0.75,1,10.87804719253426,1.0986122886681098,1.4142135623730951,3.1484533605716547,4.8270073544588685
17368181,"Prudential Financial (U.S.)","https://www.prudential.com",53,"Insurance: Life and Health","Financials",60169.0,65.0,33268.0,51511,6.57,6.47,0.0154559505409583,2020,"2001-01-01",6.43,20.4,-0.000175,68.0,1781.0,559.0,0.0224592925,18.2473858044,1,0,1,"standard",1,1,0,"https://www.prudential.com/links/privacy-policy",0,2018,0.0548602738,3500.0,3.8,3.8,3.9,4.0,3.4,3.8,3.5,"1",2.0,51.42,2.5,1,0.0,0.0,0.0,0.0,0.0,0.0,1.0,0.0,0.0,0.0,0.0,0.0,0.0,0.4661820716738989,0.5338179283261011,0.5694015252479745,0.4305984747520255,0.49110410076953165,0,0,0.25,1,10.849550656077264,0.0,0.0,3.0155349008501706,4.516635916254486
92380288,"Humana","https://www.humana.com",52,"Health Care: Insurance and Managed Care","Health Care",74388.0,4153.0,54438.0,46000,6.62,6.36,0.040880503144654,2020,"1961-01-01",84.6,60.5,0.097317,134.0,1971.0,518.0,0.033992897,11.8095080155,1,0,1,"standard",0,1,0,"https://www.humana.com/legal/privacy",10,2018,0.0311204296,4200.0,4.1,4.1,4.3,3.9,3.6,4.1,3.8,"1","",89.21,3.56,1,0.0,0.0,0.0,0.0,0.0,0.0,0.0,1.0,0.0,0.0,0.0,0.0,0.0,0.7055822949746732,0.2944177050253268,0.17011500124283252,0.8298849987571675,0.5310756759456235,0,1,0.5,0,10.736396675471232,2.3978952727983707,3.1622776601683795,4.102643365036796,7.7781745930520225
48056767,"Procter & Gamble","https://www.pginvestor.com",50,"Soaps and Cosmetics","Household Products",73975.0,13848.0,324875.0,99000,7.34,7.37,-0.0040705563093623,2020,"1905-05-05",12.91,116.4,0.096226,291.0,8214.0,1629.0,0.0366447529,16.2529812063,1,0,1,"standard",1,1,0,"https://www.pg.com/privacy/english/privacy_statement.shtml",0,2018,0.0758322138,10000.0,4.2,4.3,4.4,3.4,3.9,4.2,4.0,"1",2.0,42.96,2.49,1,0.0,0.0,0.0,1.0,0.0,0.0,0.0,0.0,0.0,0.0,0.0,0.0,0.0,0.760626222883028,0.23937377711697205,0.4457056575183562,0.5542943424816438,0.44841702989965393,0,0,0.25,0,11.502875129116727,0.0,0.0,4.757032535297338,10.788883167408942
55529641,"Walt Disney","https://www.thewaltdisneycompany.com",49,"Entertainment","Media",65388.0,2864.0,315029.0,203000,8.49,8.39,0.0119189511323003,2020,"2018-04-14",41.31,3.1,0.003627,111.0,4222.0,789.0,0.0236854571,22.6326995873,1,0,1,"standard",0,1,1,"https://privacy.thewaltdisneycompany.com/en/current-privacy-policy/",0,2018,0.0643749689,8000.0,4.1,4.1,4.1,3.5,3.4,3.8,3.7,"1",3.0,52.21,4.52,1,0.0,0.0,0.0,0.0,0.0,1.0,0.0,0.0,0.0,0.0,0.0,0.0,0.0,0.4916332720374544,0.5083667279625457,0.8413850506365734,0.15861494936342657,0.41674541933149306,0,1,0.75,1,12.220961258023925,0.0,0.0,1.1314021114911006,1.760681686165901
32700926,"MetLife","https://www.metlife.com",48,"Insurance: Life and Health","Financials",65567.0,5842.0,46483.0,49000,6.23,"","",2020,"1863-01-01",13.84,158.8,0.00638,90.0,2347.0,694.0,0.0298253089,17.1119803058,1,0,1,"standard",1,1,1,"https://www.metlife.com/about-us/privacy-policy/online-privacy-policy/",1,2018,0.0585239367,4600.0,3.6,3.5,3.8,3.5,3.1,3.8,3.2,"1",3.0,67.79,2.3,1,0.0,0.0,0.0,0.0,0.0,0.0,1.0,0.0,0.0,0.0,0.0,0.0,0.0,0.6190766824607665,0.3809233175392335,0.4989820283675,0.5010179716325001,0.4704853222929334,0,0,0.5,0,10.799575577092764,0.6931471805599453,1.0,5.067645548813036,12.601587201618692
31132966,"FedEx","https://www.fedex.com",47,"Delivery","Transportation",74729.0,2452.0,66788.0,374198,6.08,6.47,-0.0602782071097372,2020,"1997-10-02",121.01,23.7,0.0396,156.0,3653.0,844.0,0.0405146455,16.0680080299,1,0,1,"standard",1,1,0,"https://www.fedex.com/en-us/trust-center/privacy.html",1,2018,0.0271729335,6600.0,3.7,3.6,4.0,3.5,3.3,3.6,3.7,"1",6.0,68.06,1.38,1,0.0,0.0,0.0,0.0,0.0,0.0,0.0,0.0,1.0,0.0,0.0,0.0,0.0,0.8409526423115781,0.15904735768842193,0.43423335265940277,0.5657666473405972,0.4312035012572548,0,0,0.25,1,12.832540348072408,0.6931471805599453,1.0,3.1654750481410856,4.868264577855234
79142021,"Facebook","https://investor.fb.com",46,"Interactive Media and Services","Technology",78975.0,25276.0,768185.0,44942,6.3,7.23,-0.1286307053941909,2020,"2004-07-29",5.53,16.8,0.139528,155.0,4018.0,813.0,0.0363364858,14.6995449509,1,1,1,"standard",1,1,0,"https://www.facebook.com/privacy/explanation",4,2018,0.0203584046,6900.0,4.3,4.2,4.2,3.7,4.0,4.7,4.4,"1",9.0,112.26,2.37,1,0.0,0.0,1.0,0.0,0.0,0.0,0.0,0.0,0.0,0.0,0.0,0.0,0.0,0.7542275976677899,0.2457724023322101,0.34935928639716557,0.6506407136028345,0.7241032789837611,0,0,0.25,1,10.713128048531878,1.6094379124341003,2.0,2.8213788864092133,4.09878030638384
56495473,"Intel","https://www.intel.com",45,"Semiconductors and Other Electronic Components","Technology",71965.0,21048.0,202996.0,110800,6.91,6.31,0.0950871632329636,2020,"1989-03-01",9.24,32.3,0.10305,205.0,5424.0,1164.0,0.0381637168,17.0583408878,1,0,1,"standard",1,1,0,"https://www.intel.com/content/www/us/en/privacy/intel-privacy-notice.html",1,2018,0.138528415,19000.0,4.0,3.9,4.3,3.9,3.3,3.9,3.8,"1",3.0,58.05,2.66,1,0.0,0.0,1.0,0.0,0.0,0.0,0.0,0.0,0.0,0.0,0.0,0.0,0.0,0.7921549870994369,0.20784501290056312,0.49565523381420695,0.504344766185793,0.42804744477158907,0,0,0.25,1,11.61548205329532,0.6931471805599453,1.0,3.475067230228611,5.683308895353129
40837856,"Lowes","https://www.lowes.com",44,"Specialty Retailers","Retailing",85313.0,5367.0,126315.0,260000,6.83,5.76,0.1857638888888889,2020,"1952-08-01",5.53,69.0,0.157935,210.0,5323.0,1079.0,0.042081533,17.7062089942,1,0,1,"standard",1,1,0,"https://www.lowes.com/l/privacy-and-security-statement.html",1,2018,0.0328097615,33.0,3.3,2.8,5.0,3.6,2.9,2.5,2.6,"1","","","",1,0.0,0.0,0.0,0.0,0.0,0.0,0.0,0.0,0.0,1.0,0.0,0.0,0.0,0.8734761450367835,0.1265238549632165,0.5358369540488264,0.46416304595117364,0.3976717252285975,0,0,0.25,0,12.468436909997665,0.6931471805599453,1.0,4.23410650459726,8.306623862918075
3894558,"Centene","https://www.centene.com",42,"Health Care: Insurance and Managed Care","Health Care",101690.0,2029.0,36191.0,71100,6.72,6.43,0.0451010886469673,2020,"1984-01-01",84.6,37.5,0.046826,67.0,1335.0,445.0,0.0374531835,13.6031080552,1,0,1,"standard",1,1,0,"https://www.centene.com/privacy-policy.html",2,2018,0.0026775693,2200.0,3.5,3.4,3.9,3.4,3.0,3.9,3.5,"1",2.0,95.77,2.03,1,0.0,0.0,0.0,0.0,0.0,0.0,0.0,1.0,0.0,0.0,0.0,0.0,0.0,0.777406620213557,0.222593379786443,0.28135667882516874,0.7186433211748313,0.4853091752403186,0,0,0.25,0,11.171842615791332,1.0986122886681098,1.4142135623730951,3.624340932976365,6.123724356957945
69858041,"Target","https://corporate.target.com",37,"General Merchandisers","Retailing",88621.0,3822.0,94296.0,368000,7.63,7.92,-0.0366161616161616,2020,"1902-02-11",8.78,119.6,0.087847,200.0,5503.0,1149.0,0.0278030165,17.3225546066,1,0,1,"standard",1,1,0,"https://www.target.com/c/target-privacy-policy/-/N-4sr7p",3,2018,0.0527126769,46000.0,3.7,3.7,4.1,3.4,3.2,3.6,3.3,"1","",75.71000000000001,2.98,1,0.0,0.0,0.0,0.0,0.0,0.0,0.0,0.0,0.0,1.0,0.0,0.0,0.0,0.5771004509938857,0.42289954900611426,0.5120421521176297,0.4879578478823703,0.47771434922212114,0,0,0.25,0,12.815838217151068,1.3862943611198906,1.7320508075688772,4.784152841516532,10.936178491593852
55229784,"State Farm Insurance","https://www.statefarm.com",36,"Insurance: Property and Casualty (Mutual)","Financials",79395.0,5592.7,"",57672,6.27,6.18,0.0145631067961164,-99,"1929-01-01","",92.6,0.021749555,84.0,2051.0,674.0,0.0268161872,16.4170810987,1,0,1,"standard",1,1,0,"https://www.statefarm.com/customer-care/privacy-security/privacy",4,2018,-0.0142857143,11000.0,3.6,3.7,4.0,3.5,3.2,3.5,3.4,"1","","","",1,0.0,0.0,0.0,0.0,0.0,0.0,1.0,0.0,0.0,0.0,0.0,0.0,0.0,0.5566170752391729,0.4433829247608271,0.4558833710094365,0.5441166289905635,0.49687488843784766,0,0,0.25,0,10.962527066084414,1.6094379124341003,2.0,4.528289141652134,9.622889378975527
16922709,"Johnson & Johnson","https://www.jnj.com",35,"Pharmaceuticals","Health Care",82584.0,14714.0,427473.0,132200,7.55,8.08,-0.0655940594059406,2020,"1887-11-10",8.84,133.9,0.075213,142.0,4686.0,962.0,0.0296628254,20.5324797268,1,0,1,"standard",1,1,0,"https://www.jnj.com/corporate/privacy-policy",0,2018,0.0667280357,9000.0,4.3,4.3,4.3,4.1,3.9,4.1,3.9,"1",6.0,34.97,4.33,1,0.0,0.0,0.0,0.0,0.0,0.0,0.0,1.0,0.0,0.0,0.0,0.0,0.0,0.6157040519719466,0.38429594802805345,0.7111263667591813,0.2888736332408187,0.41829239531721807,0,0,0.25,0,11.792071206399722,0.0,0.0,4.897093252697127,11.571516754514077
83192852,"Dell Technologies","https://www.delltechnologies.com",34,"Computers","Technology",92144.0,2431.0,57773.0,165000,6.61,6.57,0.0060882800608828,2019,"2013-01-31",8.78,8.3,0.025317,61.0,1061.0,384.0,0.027332705,15.1006381236,1,0,1,"standard",1,1,1,"https://www.delltechnologies.com/content/dam/digitalassets/active/en/unauth/quick-reference-guides/partner/Dell-EMC_Customer_Data_Terms.pdf",0,2018,0.0729574066,21000.0,4.1,4.1,4.2,4.2,3.7,3.9,3.8,"1",1.0,"","",1,0.0,0.0,1.0,0.0,0.0,0.0,0.0,0.0,0.0,0.0,0.0,0.0,0.0,0.5673383095817259,0.43266169041827407,0.3742356670898381,0.6257643329101619,0.514606505832109,0,0,0.5,1,12.013700752882718,0.0,0.0,2.1162555148025524,2.8809720581775866
96185568,"Citigroup","https://www.citigroup.com",31,"Megabanks","Financials",88839.0,11370.0,131684.0,210000,6.12,6.08,0.006578947368421,2020,"1912-12-31",9.24,108.7,0.005274,125.0,4025.0,901.0,0.0337888199,19.1110559006,1,0,1,"standard",1,1,1,"https://www.citigroup.com/citi/privacy.html",3,2018,0.0737058599,20000.0,3.9,3.8,4.1,3.7,3.4,3.8,3.7,"1",5.0,64.06,5.51,1,0.0,0.0,0.0,0.0,0.0,0.0,1.0,0.0,0.0,0.0,0.0,0.0,0.0,0.7013463162474181,0.29865368375258194,0.6229675980916479,0.3770324019083521,0.41892152141523353,0,0,0.5,0,12.254862809699606,1.3862943611198906,1.7320508075688772,4.688591794127164,10.425929215182693
31743452,"Anthem","https://www.antheminc.com",29,"Health Care: Insurance and Managed Care","Health Care",121867.0,4572.0,79964.0,70600,6.69,5.91,0.1319796954314721,2020,"2004-01-01",71.43,17.4,0.062931,39.0,832.0,320.0,0.0384615385,13.1967948718,1,0,1,"standard",1,1,0,"https://www.antheminc.com/Privacy/index.htm",8,2018,0.00513609,2800.0,3.6,3.4,3.8,3.4,3.0,3.8,3.4,"0",1.0,83.78,4.13,1,0.0,0.0,0.0,0.0,0.0,0.0,0.0,1.0,0.0,0.0,0.0,0.0,0.0,0.7983367996874979,0.20166320031250207,0.25615654549288164,0.7438434545071184,0.4863766637049051,0,0,0.25,1,11.164785423481334,2.1972245773362196,2.8284271247461903,2.856470206220483,4.171330722922842
36053009,"Home Depot","https://www.homedepot.com",26,"Specialty Retailers","Retailing",125631.0,12490.0,295312.0,415700,7.06,6.28,0.1242038216560508,2020,"1978-06-29",7.95,43.0,0.211649,419.0,7952.0,1171.0,0.0294265594,15.0511666659,1,0,1,"standard",1,1,1,"https://www.homedepot.com/privacy/Privacy_Security",6,2018,0.0422604535,28000.0,3.9,3.9,4.1,3.6,3.5,3.6,3.6,"1",6.0,"","",1,0.0,0.0,0.0,0.0,0.0,0.0,0.0,0.0,0.0,1.0,0.0,0.0,0.0,0.6107999360766616,0.3892000639233384,0.3711673754834708,0.6288326245165292,0.5045081721099669,0,0,0.5,0,12.93771912524073,1.9459101490553132,2.449489742783178,3.7612001156935624,6.557438524302
4802185,"Bank of America","https://www.bankofamerica.com",25,"Megabanks","Financials",95753.0,17894.0,279768.0,212505,6.92,6.83,0.0131771595900439,2020,"1968-11-04",5.53,52.7,0.006811,126.0,2751.0,590.0,0.0334423846,14.6948018902,1,0,1,"standard",1,1,0,"https://www.bankofamerica.com/security-center/privacy-overview/",6,2018,0.0160424505,27000.0,4.0,4.0,4.3,3.8,3.6,4.1,3.9,"1",7.0,46.76,3.08,1,0.0,0.0,0.0,0.0,0.0,0.0,1.0,0.0,0.0,0.0,0.0,0.0,0.0,0.6941554429883886,0.3058445570116114,0.34906511488876674,0.6509348851112333,0.48919486053071115,0,0,0.25,0,12.266720796481561,1.9459101490553132,2.449489742783178,3.9646154555473165,7.259476565152615
56358397,"Microsoft","https://www.microsoft.com",21,"Computer Software","Technology",153554.0,51310.0,1696122.0,163000,8.3,8.17,0.0159118727050184,2020,"1993-09-22",75.47,27.7,0.128113,1735.0,37403.0,2692.0,0.034195118,13.0164005184,1,1,1,"gdpr",1,1,1,"https://privacy.microsoft.com/en-us/privacystatement",1,2018,0.0922072393,31000.0,4.4,4.3,4.3,4.1,4.0,4.1,4.2,"1",1.0,43.73,3.04,0,1.0,0.0,1.0,0.0,0.0,0.0,0.0,0.0,0.0,0.0,0.0,0.0,0.0,0.7097797470856854,0.29022025291431464,0.24496822588180858,0.7550317741181914,0.7613130067581265,1,0,0.75,1,12.0015054797889,0.6931471805599453,1.0,3.3214324131932926,5.263078946776307
25821083,"Verizon Communications","https://www.verizon.com",20,"Telecommunications","Telecommunications",128292.0,17801.0,236948.0,132200,6.81,7.15,-0.0475524475524476,2020,"1983-10-07",71.43,37.7,0.064531,48.0,859.0,313.0,0.0151338766,14.1897652309,1,1,1,"standard",1,1,1,"https://www.verizon.com/about/privacy/",1,2018,0.0465511713,23000.0,4.0,3.8,4.3,3.5,3.5,4.3,3.7,"1",7.0,56.86,2.58,1,0.0,0.0,0.0,0.0,0.0,0.0,0.0,0.0,0.0,0.0,0.0,0.0,1.0,0.31413019559031713,0.6858698044096829,0.3177420083000159,0.682257991699984,0.8420319490274167,0,0,0.5,0,11.792071206399722,0.6931471805599453,1.0,3.629660094453965,6.1400325732035
69943097,"JPMorgan Chase","https://www.jpmorganchase.com",17,"Megabanks","Financials",129503.0,29131.0,414465.0,255351,7.24,7.12,0.0168539325842696,2020,"1968-10-28",71.43,52.7,0.009592,80.0,2191.0,595.0,0.0365130078,17.0709287996,1,0,1,"standard",1,1,0,"https://www.jpmorgan.com/privacy",3,2018,0.020492445,26000.0,3.9,3.8,4.0,3.6,3.5,3.8,3.8,"1",12.0,55.81,3.76,1,0.0,0.0,0.0,0.0,0.0,0.0,1.0,0.0,0.0,0.0,0.0,0.0,0.0,0.7578916218865411,0.24210837811345887,0.4964359543733595,0.5035640456266405,0.43641810593502484,0,0,0.25,0,12.450394348261582,1.3862943611198906,1.7320508075688772,3.9646154555473165,7.259476565152615
26299420,"Cardinal Health","https://www.cardinalhealth.com",16,"Wholesalers: Health Care","Health Care",154646.0,973.0,16018.0,48000,5.16,5.71,-0.0963222416812609,2020,"1979-05-16",11.59,42.1,0.027605,158.0,4527.0,1172.0,0.0265076209,18.0788288553,1,0,1,"standard",1,1,0,"https://www.cardinalhealth.com/en/support/privacy-policy.html",2,2018,0.0134099617,2700.0,3.6,3.6,4.0,3.4,3.2,3.6,3.4,"1",3.0,64.57000000000001,4.43,1,0.0,0.0,0.0,0.0,0.0,0.0,0.0,1.0,0.0,0.0,0.0,0.0,0.0,0.550212239602309,0.44978776039769097,0.5589473786316638,0.44105262136833623,0.4727100954415068,0,0,0.25,0,10.778956289890028,1.0986122886681098,1.4142135623730951,3.7400477406883357,6.488451279003334
46807785,"Costco Wholesale","https://www.costco.com",14,"General Merchandisers","Retailing",172929.0,4324.0,160040.0,214500,7.33,7.54,-0.0278514588859416,2020,"1987-05-12",13.62,34.1,0.077941,248.0,5641.0,1107.0,0.0312001418,16.4729660721,1,0,1,"standard",1,1,0,"https://www.costco.com/privacy-policy.html",0,2018,0.0047627341,8700.0,4.2,4.0,4.2,3.7,3.7,4.4,4.0,"1",3.0,43.510000000000005,3.63,1,0.0,0.0,0.0,0.0,0.0,0.0,0.0,0.0,0.0,1.0,0.0,0.0,0.0,0.6476137545669977,0.35238624543300234,0.45934943816769785,0.5406505618323021,0.4732592018163261,0,0,0.25,1,12.27606501735021,0.0,0.0,3.529297384289471,5.8395205282625735
76661259,"Alphabet","https://www.abc.xyz",11,"Internet Services and Retailing","Technology",171704.0,35713.0,1274139.0,132121,7.68,8.17,-0.0599755201958384,2020,"2015-07-23",250.72,5.8,0.128979776,263.0,6576.0,1507.0,0.024026764,16.6195257787,1,1,1,"standard",1,1,1,"https://abc.xyz/investor/other/google-code-of-conduct/",1,2018,0.0373214908,20000.0,4.5,4.4,4.3,4.3,4.1,4.6,4.3,"1","",53.50999999999999,2.98,1,0.0,0.0,1.0,0.0,0.0,0.0,0.0,0.0,0.0,0.0,0.0,0.0,0.0,0.4987176963450587,0.5012823036549413,0.46843928387872164,0.5315607161212783,0.7582107549440549,0,0,0.5,1,11.79147344835286,0.6931471805599453,1.0,1.7578579175523736,2.4083189157584592
20885145,"AmerisourceBergen","https://www.amerisourcebergen.com",10,"Wholesalers: Health Care","Health Care",189894.0,3409.0,21246.0,22000,5.57,6.1,-0.0868852459016392,2020,"2001-03-16",15.08,20.2,0.0328,136.0,3889.0,798.0,0.0344561584,17.5889167032,1,0,1,"standard",1,1,1,"https://amerisourcebergen.com/global-privacy-statement",0,2018,0.0045374379,1200.0,3.4,3.4,3.8,3.3,3.0,3.8,3.3,"1",2.0,78.69999999999999,2.36,1,0.0,0.0,0.0,0.0,0.0,0.0,0.0,1.0,0.0,0.0,0.0,0.0,0.0,0.7151980991759208,0.2848019008240792,0.528562315930231,0.47143768406976905,0.4390598962234621,0,0,0.5,1,9.998797732340453,0.0,0.0,3.005682604407159,4.494441010848846
10087241,"AT&T","https://www.att.com",9,"Telecommunications","Telecommunications",171760.0,5176.0,206369.0,230760,7.26,7.27,-0.0013755158184318,2020,"1983-10-05",47.82,37.7,0.029765,373.0,8345.0,1423.0,0.0321150389,14.90712038,1,1,1,"standard",1,1,1,"https://about.att.com/csr/home/privacy/full_privacy_policy.html",8,2018,0.0396664812,28000.0,3.6,3.3,4.1,3.2,2.9,4.0,3.4,"1",7.0,"","",1,0.0,0.0,0.0,0.0,0.0,0.0,0.0,0.0,0.0,0.0,0.0,0.0,1.0,0.6666040511422989,0.3333959488577011,0.3622334157720844,0.6377665842279157,0.7427906332714042,0,0,0.5,0,12.349133488370827,2.1972245773362196,2.8284271247461903,3.629660094453965,6.1400325732035
23217707,"McKesson","https://www.mckesson.com",8,"Wholesalers: Health Care","Health Care",234194.0,2228.0,29570.0,70000,6.38,6.78,-0.0589970501474926,2019,"1994-07-07",14.53,26.9,0.032177,100.0,2395.0,669.0,0.0350730689,15.8263465553,1,0,1,"standard",1,1,1,"https://www.mckesson.com/Privacy-Notice/#:~:text=We will retain your personal,disputes and enforce our agreements.",2,2018,0.0347309991,3800.0,3.8,3.8,4.0,3.6,3.4,3.8,3.6,"1",3.0,"","",1,0.0,0.0,0.0,0.0,0.0,0.0,0.0,1.0,0.0,0.0,0.0,0.0,0.0,0.7280031603739697,0.2719968396260303,0.41924515727219624,0.5807548427278038,0.4631879205884585,0,0,0.5,1,11.156250521031495,1.0986122886681098,1.4142135623730951,3.292126286607793,5.186520991955976
51333781,"Berkshire Hathaway","https://www.berkshirehathaway.com",6,"Insurance: Property and Casualty","Financials",247981.0,35845.0,550878.0,391500,7.64,7.73,-0.0116429495472187,2020,"1889-01-01",84.6,132.7,0.051524,258.0,6175.0,1258.0,0.0312550607,17.0619025202,1,0,1,"standard",1,1,1,"https://www.bhhs.com/privacy-policy",0,2018,-0.0136476976,732.0,4.1,4.1,3.7,3.9,3.9,3.3,3.7,"1",1.0,27.59,1.24,1,0.0,0.0,0.0,0.0,0.0,0.0,1.0,0.0,0.0,0.0,0.0,0.0,0.0,0.6487536928164349,0.3512463071835651,0.4958761314247879,0.5041238685752121,0.46384254393969426,0,0,0.5,0,12.877740794412995,0.0,0.0,4.888090941338162,11.519548602267365
42703456,"CVS Health","https://www.cvshealth.com",5,"Health Care: Pharmacy and Other Services","Health Care",265285.0,7953.0,98496.0,290000,6.81,7.2,-0.0541666666666667,2020,"1996-08-22",14.53,24.8,0.037687,119.0,3183.0,843.0,0.0333019164,16.8066054697,1,0,1,"standard",1,1,0,"https://cvshealth.com/privacy-policy",6,2018,0.0337485921,22000.0,3.1,2.9,3.6,2.8,2.7,3.0,3.0,"0",5.0,67.57000000000001,2.39,1,0.0,0.0,0.0,0.0,0.0,0.0,0.0,1.0,0.0,0.0,0.0,0.0,0.0,0.6912397787269119,0.3087602212730881,0.48004223783043193,0.5199577621695681,0.4571794958606641,0,0,0.25,1,12.577636201962656,1.9459101490553132,2.449489742783178,3.2108436531709366,4.979959839195493
24788477,"Apple","https://www.apple.com",4,"Computers","Technology",294135.0,63930.0,2221176.0,147000,8.19,8.4,-0.0250000000000001,2020,"1977-01-03",67.6,44.5,0.133611,172.0,3678.0,890.0,0.0396954867,14.0021017489,1,1,1,"standard",1,1,1,"https://www.apple.com/legal/privacy/en-ww/",7,2018,0.0238053773,22000.0,4.3,4.3,4.4,3.6,3.8,4.3,3.9,"1",6.0,31.07,1.84,1,0.0,0.0,1.0,0.0,0.0,0.0,0.0,0.0,0.0,0.0,0.0,0.0,0.0,0.8239495623430569,0.17605043765694306,0.30610284678320726,0.6938971532167928,0.717486897718434,0,0,0.5,0,11.898187865760873,2.0794415416798357,2.6457513110645907,3.7954891891721947,6.670832032063167
18101757,"Amazon","https://www.amazon.com",2,"Internet Services and Retailing","Retailing",347945.0,17377.0,1637405.0,1125300,7.75,8.3,-0.0662650602409639,2020,"1996-05-28",16.23,25.0,0.052381,129.0,3330.0,848.0,0.0282282282,16.6198756896,1,1,1,"standard",1,1,1,"https://www.amazon.com/gp/help/customer/display.html?nodeId=GX7NJQ4ZB8MHFRNJ",1,2018,-0.0370710388,72000.0,3.7,3.5,4.0,3.2,3.2,3.8,3.7,"1",20.0,48.260000000000005,2.23,1,0.0,0.0,0.0,0.0,0.0,0.0,0.0,0.0,0.0,1.0,0.0,0.0,0.0,0.5859264668270194,0.41407353317298057,0.4684609858605786,0.5315390141394214,0.7364031368281005,0,0,0.5,1,13.933560224738088,0.6931471805599453,1.0,3.2188758248682006,5.0
7268382,"Walmart","https://www.stock.walmart.com",1,"General Merchandisers","Retailing",548743.0,19742.0,411690.0,2200000,7.0,7.64,-0.0837696335078533,2020,"1969-10-31",12.44,51.7,0.068886,230.0,6002.0,1109.0,0.0349883372,17.5558883271,1,0,1,"standard",1,1,0,"https://corporate.walmart.com/privacy-security/walmart-privacy-policy",5,2018,0.0166492511,67000.0,3.3,3.0,3.6,3.0,2.8,3.3,3.3,"1",8.0,73.08999999999999,1.28,1,0.0,0.0,0.0,0.0,0.0,0.0,0.0,0.0,0.0,1.0,0.0,0.0,0.0,0.7262444050862663,0.2737555949137337,0.5265138481091671,0.4734861518908329,0.4368104367011416,0,0,0.25,0,14.603967918328545,1.791759469228055,2.23606797749979,3.9454577815143836,7.19027120489902
